"date;tavg;tmin;tmax;prcp;snow;wdir;wspd;wpgt;pres;tsun"
"20190101;4.2;0.5;4.8;2.2;0;270;18.7;71.6;1028.8;0"
"20190102;0.3;-2.7;2.2;0;0;309;21.6;52.9;1031.3;42"
"20190103;-2.8;-4.9;-1;0.1;0;289;10.1;23.4;1037.7;36"
"20190104;-1;-2;0;2;0;285;14;37.4;1035.6;0"
"20190105;0.7;-0.2;2.3;13.3;20;279;23;50.4;1028.3;0"
"20190106;2.5;1.9;3;4.7;0;283;15.8;30.2;1030.1;0"
"20190107;1.7;0.5;2.7;1.3;0;273;14.4;32;1032.1;0"
"20190108;2.1;0.5;4.2;7.3;0;264;27;66.2;1016.2;6"
"20190109;-0.6;-1.8;1.2;1.3;10;305;23;54.7;1013.6;0"
"20190110;-1.5;-6.4;-0.8;0.2;30;344;13.3;32.8;1023.1;0"
"20190111;-3.3;-6.9;-0.6;3.1;40;250;11.2;38.2;1025.9;0"
"20190112;0.5;-0.6;1.5;7.7;60;260;19.1;45;1021;0"
"20190113;3.4;0.6;6.6;11.8;20;260;23;68.4;1007.9;0"
"20190114;2.4;0.2;5.1;2.9;0;295;22;55.4;1010.9;24"
"20190115;1.4;-0.1;2.9;0;0;267;19.1;41.8;1021.3;6"
"20190116;2.4;0.2;5.2;0;0;224;12.2;28.4;1014.5;288"
"20190117;3.5;-0.8;6;2;0;247;20.5;64.8;1008;12"
"20190118;-1.4;-5.7;1.2;0;0;307;11.2;38.5;1019.6;138"
"20190119;-4.6;-8.8;0.2;0;0;108;8.6;28.8;1018.4;468"
"20190120;-6.9;-9.6;-5.1;0;0;88;6.5;17.6;1018.4;0"
"20190121;-5.7;-9.4;-1.6;0;0;89;5.8;20.5;1022.5;438"
"20190122;-5.1;-7;-4.2;0;0;178;10.4;28.8;1013;0"
"20190123;-5.5;-7.1;-4.8;1.4;0;111;10.4;23.8;1001.5;0"
"20190124;-5.5;-6.8;-2.7;0.1;40;329;5;16.9;1010.3;0"
"20190125;-4.8;-7.7;-2.1;0.9;70;248;10.1;32.8;1017.6;48"
"20190126;0.8;-2.6;2.9;1.7;60;245;18.7;46.8;1011;0"
"20190127;2.9;0.4;6.3;1.4;10;195;16.9;45.7;994.8;78"
"20190128;0.2;-0.8;0.9;1.7;0;253;23.4;49;998.4;0"
"20190129;-1.3;-4.9;2.5;0;10;251;13;39.6;1006.9;102"
"20190130;-1.6;-5.5;2.1;0.2;0;171;15.5;50.8;998.1;90"
"20190131;-2.9;-7.6;1.3;0.8;0;151;7.9;29.9;999.7;228"
"20190201;0;-1.7;1.4;4.4;10;110;7.6;25.9;993.2;0"
"20190202;1.2;-0.4;5.1;0.1;0;170;4.7;14;997.8;96"
"20190203;-0.1;-1;1.3;0.4;0;339;16.2;48.6;1015.4;0"
"20190204;-1.9;-6.6;1.8;0;0;186;6.8;26.3;1030.7;504"
"20190205;-3.2;-6.4;1.7;0;0;171;6.5;16.9;1031.1;432"
"20190206;-5;-5.8;-2.9;0;0;153;8.6;20.2;1029.3;108"
"20190207;-1.8;-5.8;3.2;1.5;0;176;7.6;22;1018.9;0"
"20190208;2.6;-0.8;6.9;0.3;0;184;10.8;33.1;1018.8;414"
"20190209;5.2;1.5;8.5;0.1;0;225;19.1;56.9;1013.3;204"
"20190210;5.2;2.1;10.9;5.7;0;200;23.4;68.8;1004.8;0"
"20190211;2;0;3.8;0.3;0;277;24.8;54.7;1017.5;24"
"20190212;1.2;0;2.3;0;0;277;14.4;36.7;1034.6;6"
"20190213;1.3;-3.3;7.7;0;0;192;4;14;1038.5;486"
"20190214;1.4;-3.8;10.8;0;0;254;2.9;14;1038.4;348"
"20190215;3.4;-4.2;13.4;0;0;111;5;23.4;1035.1;552"
"20190216;3.4;-3.9;13.7;0;0;152;4;14;1030.5;546"
"20190217;3.4;-3.7;13.7;0;0;251;4;14;1026.8;558"
"20190218;3.6;-3.6;14.7;0;0;262;3.6;16.2;1022.3;564"
"20190219;2.9;-3;10;0;0;250;7.9;38.5;1022;222"
"20190220;2.8;-4.4;9.2;0;0;232;5.4;25.6;1026.1;312"
"20190221;4.4;-2.1;9.5;0;0;262;6.1;22.7;1029.4;78"
"20190222;6.7;0.1;9.5;0;0;340;11.9;31.3;1034.5;12"
"20190223;0.8;-4;6.7;0;0;97;14;32.8;1040.9;486"
"20190224;1.4;-4.4;10.4;0;0;92;7.9;24.1;1040;582"
"20190225;4;-4.2;14.1;0;0;76;5.4;19.8;1039;522"
"20190226;5.6;-2.6;16.6;0;0;254;3.6;20.5;1035.1;582"
"20190227;6.3;-2.7;17.3;0;0;211;2.9;10.1;1028.3;594"
"20190228;9.4;0.3;16.1;1.3;0;261;19.1;58.7;1017.9;546"
"20190301;6.6;5.6;8.1;1.6;0;264;16.6;37.4;1015.6;2"
"20190302;5.5;3.7;7.8;0.5;0;254;12.6;34.6;1018.3;6"
"20190303;8.4;6.2;10.6;0;0;239;20.2;53.6;1013.8;3"
"20190304;7.1;2.7;11.3;0.7;0;223;23;98.3;1003;33"
"20190305;4;2.5;7.2;3.4;0;249;23.4;63;1011.3;96"
"20190306;6.8;1.6;12;0;0;161;14;37.4;1008.7;387"
"20190307;8;5.5;11.5;1.3;0;217;18.7;64.1;1003.2;176"
"20190308;5.5;1.8;9.6;0.6;0;243;20.5;66.6;1015.5;215"
"20190309;6.9;3.3;9.2;4.1;0;243;25.6;80.3;1016.6;11"
"20190310;8.2;1.9;12.8;7.9;0;253;29.9;95.4;1011.2;122"
"20190311;2.5;0.2;4.6;1.6;0;268;25.2;62.3;1020;197"
"20190312;4.3;0.1;8.4;0.1;0;228;19.1;41.8;1020.2;389"
"20190313;4.5;0.6;7.7;6.4;0;246;25.6;68;1011.3;171"
"20190314;3.3;1.9;4.8;8.8;0;252;24.5;57.6;1008.9;0"
"20190315;6.9;4.2;9.7;12.3;0;262;25.9;73.1;1009.3;0"
"20190316;8.5;4.7;11.4;0.9;0;256;24.1;64.1;1011.8;75"
"20190317;7;2;15.3;1.2;0;235;16.9;68.4;1007.8;375"
"20190318;3;-0.6;6.9;0.4;0;259;15.8;45.7;1019.8;345"
"20190319;1.5;-3.2;7.2;0;0;234;5.8;27.4;1029;409"
"20190320;2.1;-4.7;9.6;0;0;334;4;20.9;1035.4;651"
"20190321;4.7;-4.1;14.3;0;0;77;7.9;33.1;1034.5;667"
"20190322;7.2;-1.4;16.6;0;0;76;7.6;30.6;1030.8;633"
"20190323;8;-1.2;16.7;0;0;264;4.7;22;1027.9;666"
"20190324;6.8;0.3;14.2;0;0;338;7.2;36.7;1024.4;505"
"20190325;3.5;0.9;8;1.7;0;288;16.2;54.4;1022.2;279"
"20190326;3.3;-0.8;7.5;0;0;307;11.2;31.3;1029.9;121"
"20190327;5;1.9;8.8;0;0;341;7.2;23.4;1032.6;170"
"20190328;6.9;0.7;12.4;0;0;81;7.6;26.6;1033.9;224"
"20190329;8.5;0.9;14.9;0;0;88;11.9;31;1030.6;595"
"20190330;8.1;-1.4;17.7;0;0;349;3.6;19.4;1024.5;695"
"20190331;9.4;0;17.8;0;0;;7.9;29.5;1020.9;592"
"20190401;8.9;3.7;15.8;0;0;75;14.8;34.9;1019.3;569"
"20190402;9.5;1;18.8;0.6;0;115;8.6;52.9;1010.8;544"
"20190403;9.4;3.6;16.4;1.4;0;299;10.8;67.3;1002.8;283"
"20190404;4.2;3.1;6.9;0;0;312;13.7;36.4;1000.3;1"
"20190405;4.4;1;7.8;0;0;279;7.9;23.8;1005.6;5"
"20190406;8.6;-0.2;16.7;0;0;102;10.4;38.2;1004.4;138"
"20190407;9.5;0.9;15.9;0;0;64;7.6;32;1005;518"
"20190408;9.9;5.9;14.5;0;0;291;9;28.1;1009.7;303"
"20190409;9.8;6.4;15.7;5.5;0;332;6.5;35.3;1009.8;108"
"20190410;7.7;3;10.9;0;0;44;13.3;33.8;1011.6;168"
"20190411;4.8;0;10.3;0;0;43;14.8;31.3;1018.5;544"
"20190412;2.5;-2.6;7.3;0;0;56;11.2;34.6;1021.5;55"
"20190413;3.5;0.4;7.1;0;0;52;9.7;29.2;1020;210"
"20190414;3.5;-0.7;9;0;0;34;14.8;36.4;1021.1;458"
"20190415;8.2;2;15.4;0;0;74;14;41.4;1022.1;678"
"20190416;9.8;1.7;17.4;0;0;105;9.7;28.1;1018.4;623"
"20190417;11.3;5.3;18;0;0;92;10.8;34.2;1022.2;485"
"20190418;12.3;4.8;19.5;0;0;89;18.4;43.6;1024.3;764"
"20190419;13.7;6.3;21.2;0;0;91;14.4;42.8;1027.3;770"
"20190420;13.7;3.1;22;0;0;90;10.8;35.3;1026.8;771"
"20190421;14;2.6;22;0;0;79;12.6;35.3;1019.5;776"
"20190422;14.6;4.3;22.5;0;0;90;18.7;47.9;1008.8;770"
"20190423;14;8.4;20.9;0;0;101;16.9;34.9;1000.1;223"
"20190424;14.6;4.6;25.2;0;0;149;14.4;87.5;1003.7;624"
"20190425;14.9;4.2;24.1;0;0;147;13.7;42.5;1009.2;686"
"20190426;7.3;5.4;8.8;3;0;271;13.7;41.4;1015.1;24"
"20190427;7.9;3.3;13;5.2;0;239;13;79.2;1016.9;179"
"20190428;5.7;1.5;10.6;0;0;270;9.4;31;1020.6;126"
"20190429;6.4;1.8;10.4;8.7;0;294;11.5;33.8;1021.6;0"
"20190430;8.6;1.5;14;0;0;323;10.4;29.2;1019;208"
"20190501;9.5;-0.2;17.8;0;;268;4.3;23.4;1016.1;501"
"20190502;11;2.1;17.1;0.4;;260;11.9;40.3;1009.9;576"
"20190503;9;5.2;12.9;0;;298;13.7;36.7;1010.7;150"
"20190504;4.1;0.4;8;4.8;;275;11.2;38.5;1009.2;13"
"20190505;3;-2.1;8.8;0;;336;9.4;28.4;1017.9;143"
"20190506;3.7;-3.3;9.5;0.6;;277;7.2;39.2;1021.1;146"
"20190507;5.8;-2.7;12.3;0;;198;5.8;23.8;1018.5;477"
"20190508;8.6;2.4;11.3;6.1;;161;12.2;40.7;1006.9;19"
"20190509;9.4;5.4;13;4.5;;227;15.5;44.3;1003.3;132"
"20190510;10.5;6.7;14.9;1.8;;258;12.6;38.2;1011.3;344"
"20190511;10.8;5.6;16.5;3.2;;230;16.9;52.6;1011.7;167"
"20190512;8.2;4.7;12.5;0;;355;17.3;41;1028.6;383"
"20190513;8.5;2.8;14.1;0;;40;13.3;37.4;1034.2;763"
"20190514;6.8;-0.9;12.3;0;;55;13.7;42.8;1029.6;539"
"20190515;6.7;0.8;11.7;0;;46;11.9;38.9;1023.6;428"
"20190516;7.8;5.1;12.1;1.8;;52;8.6;25.9;1015.3;18"
"20190517;11.2;4.8;18.9;0;;103;11.9;34.6;1007.6;521"
"20190518;13.5;4.4;20.8;0;;16;8.3;30.6;1005.1;540"
"20190519;14.5;6.4;22;3;;328;7.2;31.3;1003.1;480"
"20190520;12.8;8.8;15.7;41.1;;300;14.4;49;1003.1;21"
"20190521;11;10.2;12.3;14.9;;287;21.2;48.6;1008.5;0"
"20190522;10.5;3.9;14.8;0;;294;14.8;36.4;1018.4;165"
"20190523;11;1.8;18.6;0;;221;4;19.1;1019.6;640"
"20190524;13.6;4.1;21.2;0;;33;4;22;1015.3;597"
"20190525;12.9;6.9;20.5;12.3;;255;5;30.2;1015.6;276"
"20190526;14;5.4;20.8;0;;250;6.8;25.2;1015.4;714"
"20190527;14.7;6.8;20;0;;247;8.3;29.2;1010;608"
"20190528;11.9;7.5;14.8;4.1;;302;10.1;38.5;1008.7;65"
"20190529;10;3.6;14.4;0;;13;9.4;37.1;1020.5;234"
"20190530;12.7;2.1;19.7;0;;277;5;25.6;1025.9;660"
"20190531;16.3;9.5;21.8;0;;241;4.3;18.7;1025.3;223"
"20190601;17.8;8.3;25.6;0;;140;3.6;17.6;1022.3;815"
"20190602;19.9;9.9;27;0;;171;8.3;29.9;1017.4;877"
"20190603;19.5;11.2;29.2;0;;181;8.3;62.3;1014.8;596"
"20190604;20.2;11.3;27.4;0;;135;8.6;31;1011.5;861"
"20190605;21.7;11.8;29.3;0;;80;9;28.4;1006.1;842"
"20190606;13.5;8.2;20.5;2.4;;282;16.9;55.8;1013;197"
"20190607;15.7;6.3;25.8;5.3;;116;13.3;59;1013;676"
"20190608;14.4;7.2;20.7;0;;250;10.8;40.7;1022.9;643"
"20190609;15.7;5.5;23.1;0.2;;117;8.3;31.3;1021.5;457"
"20190610;15.6;12.3;19.9;12.4;;202;5.4;22;1014;58"
"20190611;15.9;12.8;19.4;0;;337;9.4;28.4;1010.6;90"
"20190612;14.2;11.7;18.4;4.8;;285;9.4;50.4;1010.8;135"
"20190613;16.9;11.1;23.6;0;;178;4.7;16.9;1015.1;617"
"20190614;19.5;9.2;27.3;0;;47;8.6;38.5;1014.9;533"
"20190615;18.2;13.6;21.8;16.4;;283;12.6;47.5;1013.7;547"
"20190616;14.6;8.9;18.2;3.8;;307;6.8;21.2;1021.3;138"
"20190617;16.6;8.1;24.7;0;;85;7.6;28.1;1019.8;678"
"20190618;19.9;11;27.5;0;;84;5.4;30.2;1014.7;729"
"20190619;21.7;13.8;29.4;4.6;;186;5.4;22;1010.3;702"
"20190620;17.5;13.6;22.7;3;;223;7.2;33.8;1013.7;227"
"20190621;18.2;13.4;23.6;0;;310;6.1;22;1017.4;520"
"20190622;17.1;11.4;22.4;3.2;;55;9.7;41;1017;153"
"20190623;19.7;12.4;25.7;0;;82;12.6;33.8;1017.9;619"
"20190624;22.1;15.4;28.7;0;;106;14.8;39.2;1019.7;895"
"20190625;24;16.4;31.6;0;;134;9;26.3;1019.8;872"
"20190626;25.6;15.8;33.7;0;;241;4.3;27.7;1021.5;875"
"20190627;23.4;13.3;29.1;0;;344;9.4;28.1;1022.1;877"
"20190628;19.6;11.1;27;0;;20;6.8;24.1;1022.2;898"
"20190629;21.3;11.4;30.3;0;;76;8.3;27.7;1019.2;898"
"20190630;24;10.1;33.1;0;;237;7.6;34.2;1015.4;886"
"20190701;23.7;17.2;29.7;0;;272;10.4;45.4;1015.5;595"
"20190702;19;13.6;24.4;0;;345;10.1;28.1;1019.5;882"
"20190703;17.7;10.1;23.8;0;;30;9.7;28.8;1021;890"
"20190704;17.7;10;25.3;0;;25;7.9;37.1;1020.9;881"
"20190705;18;8.7;26.4;0;;262;8.3;38.2;1017;500"
"20190706;21.4;11.4;28;3.6;;259;10.8;43.6;1010.8;620"
"20190707;16.7;11;21.2;0;;292;9.7;34.9;1012.4;133"
"20190708;14.5;7.4;20.8;0;;330;9.4;32;1017.1;548"
"20190709;12.7;5.4;18.9;0;;334;8.6;32;1019;687"
"20190710;14.1;3.7;22;0;;295;5.8;28.1;1019;831"
"20190711;14.4;11.4;19.3;3.2;;214;6.8;28.4;1015.6;0"
"20190712;15.8;9.6;22.5;5.8;;225;10.8;46.1;1012.9;292"
"20190713;15.2;12;18.5;1.2;;294;14;46.1;1016;113"
"20190714;16.1;9.6;22.1;0;;354;10.4;31;1016.2;636"
"20190715;17;11.2;23.6;0;;15;10.1;29.2;1015.9;627"
"20190716;15.8;7.7;23.6;0;;308;7.2;29.5;1017;780"
"20190717;17.6;8.3;25.8;0;;306;6.1;31.3;1013.6;789"
"20190718;18.8;8.9;26.3;0;;240;7.9;37.4;1012.5;513"
"20190719;19.6;13.7;25.7;0;;261;7.6;30.6;1015;191"
"20190720;22.2;11.4;31.4;4.5;;221;8.6;38.5;1014.2;639"
"20190721;20.4;13.6;25.9;0.1;;263;11.2;43.2;1020.3;508"
"20190722;21;11.6;28.7;0;;278;6.8;32.8;1023.1;780"
"20190723;23.4;12.2;31.8;0;;97;6.8;26.6;1020.2;832"
"20190724;26.1;15.5;35.2;0;;101;5.8;25.6;1015.7;829"
"20190725;26.7;15.8;36.1;0;;80;6.1;27.7;1014.4;762"
"20190726;25;17.2;35.6;6.1;;78;5.4;31.3;1008.7;489"
"20190727;21.9;18.1;26.6;0;;245;7.9;27.4;1002.5;186"
"20190728;19.2;16.8;22.7;4.2;;299;10.4;32.8;1001.9;19"
"20190729;17.8;15.6;20.6;0;;304;10.8;32.8;1010.9;0"
"20190730;21.3;15.2;28.1;5.6;;230;6.5;28.8;1012.8;367"
"20190731;18.4;14.1;23.7;2.9;;275;10.1;30.2;1017;286"
"20190801;17.4;9.8;24.3;0;;249;5.8;28.8;1017.4;637"
"20190802;18.2;10.9;24.5;0.1;;316;6.1;36.7;1014.6;352"
"20190803;16;11.9;20.4;2.8;;255;7.9;32;1015.7;176"
"20190804;18.3;9.5;26.2;0;;265;4.3;24.5;1016;700"
"20190805;19.6;13.1;25.9;0.7;;224;5.4;23.8;1013.1;123"
"20190806;21.5;16.3;28.2;10.6;;176;9.4;41.4;1011.2;367"
"20190807;16.8;15.4;19.7;22.1;;221;8.3;29.2;1010.6;42"
"20190808;18.2;12.9;24.7;0;;250;7.6;25.9;1013.7;511"
"20190809;21.4;11;30.6;2;;131;7.6;53.6;1011.4;521"
"20190810;19.8;12.9;24.4;0.1;;232;10.8;41.4;1015.6;193"
"20190811;19;11.3;26.5;6.1;;161;7.9;46.1;1016;675"
"20190812;15.2;12.8;19.4;0;;238;7.9;26.3;1017.5;194"
"20190813;14.4;9.9;18.6;0;;253;11.2;40.7;1019.1;517"
"20190814;13.3;7.2;19.7;0.3;;234;6.8;39.2;1019.5;391"
"20190815;15;7.7;22.4;1.6;;240;9.7;39.6;1015.6;207"
"20190816;16;10.2;22.1;0;;269;9;29.5;1018;446"
"20190817;16.9;9.8;22.5;0.6;;210;7.6;26.3;1014;5"
"20190818;21.5;14.8;30.7;7.3;;219;10.4;64.1;1010;697"
"20190819;18.3;14.1;22.3;0.5;;237;7.6;25.6;1017.3;230"
"20190820;14.7;11.1;18.2;6;;326;6.5;31.3;1023.1;0"
"20190821;14.5;9.9;20.6;0;;118;6.8;24.8;1028.1;618"
"20190822;15.8;7.9;22.7;0;;80;8.3;28.8;1025.9;753"
"20190823;16.6;7.2;24.5;0;;78;7.2;29.2;1024.8;728"
"20190824;19.2;11.2;26.1;0;;45;5;21.2;1020.2;454"
"20190825;19.8;13.3;28.4;0.5;;169;3.2;19.1;1018.8;409"
"20190826;20.4;13.1;27.8;0;;97;4.7;31.3;1018.2;535"
"20190827;21;13;28.3;0;;125;5;22;1016.8;648"
"20190828;21.7;14.8;30;0;;233;4;19.8;1016.1;469"
"20190829;20.9;14.7;28.1;0;;212;7.2;28.4;1018.8;262"
"20190830;20.3;13.3;27.9;0;;160;4.3;44.6;1021.2;582"
"20190831;21.2;13;29;0;;101;5.4;27;1015.1;698"
"20190901;19;13.8;24.2;0;;253;11.2;39.2;1013.7;290"
"20190902;14.8;5.9;20.2;0;;348;8.6;32;1022;497"
"20190903;13.5;3.6;22.9;0;;252;4.7;23.4;1024.7;718"
"20190904;15.9;5.8;25.7;0;;234;6.1;28.4;1017.6;714"
"20190905;13.9;9.6;18.9;0;;285;9.4;34.9;1019.3;145"
"20190906;13.4;8.1;17.3;0;;50;6.5;25.6;1022.7;100"
"20190907;13.3;10.2;17.4;0;;229;7.2;36;1019.1;82"
"20190908;11.2;8;15;1.8;;71;5.8;19.8;1017;0"
"20190909;10.2;5.7;13.1;0.2;;279;10.4;31.3;1015.6;16"
"20190910;10;3.5;17.5;0;;97;3.6;17.3;1019;406"
"20190911;13;3.4;20.8;0;;259;6.1;31;1024.4;556"
"20190912;16.8;11.5;23;0;;241;9;33.8;1029.9;291"
"20190913;16.2;8.8;23.7;0;;269;6.5;26.3;1031.6;254"
"20190914;16.1;9.3;23.3;0;;54;6.5;24.5;1030.2;529"
"20190915;16.7;7.5;26.6;0;;290;6.5;34.9;1023.8;664"
"20190916;16.6;6.9;24.8;0.1;;275;6.5;32.8;1019.4;318"
"20190917;14;7.3;18.2;0;;316;11.5;36.7;1019.5;237"
"20190918;9.4;1.7;16.3;0;;5;6.8;30.2;1025.3;673"
"20190919;8.8;1.9;14.7;0;;58;8.3;33.8;1028.8;654"
"20190920;8.4;0.3;16.5;0;;87;8.6;28.8;1028.5;651"
"20190921;12.7;3.6;22.2;0;;92;13;31.7;1020.6;664"
"20190922;13.7;4.9;21.5;4.6;;124;7.2;20.2;1012.5;412"
"20190923;12.6;8;14.6;7.9;;273;11.5;40.3;1015.8;0"
"20190924;12.4;5.8;16.3;0.8;;179;6.8;24.8;1013.8;289"
"20190925;13.2;11.5;16.3;5.9;;238;13.3;41.4;1010.1;85"
"20190926;14;11;16.2;0.8;;216;10.1;31.7;1014;99"
"20190927;14.3;10;18.4;4.4;;226;11.9;52.6;1013.9;42"
"20190928;12.7;9.1;16.1;0.1;;233;11.9;45.4;1017.1;104"
"20190929;15;9;21.8;1.1;;207;15.1;61.9;1009.5;449"
"20190930;12.9;7.8;17.9;0.1;;262;24.1;84.2;1011.8;131"
"20191001;13.3;6.4;19.6;1.3;;217;10.1;40.7;1007.7;210"
"20191002;10.5;5.1;14.9;1.9;;272;14.4;45;1009.1;32"
"20191003;7.2;3.8;11.2;0;;263;12.2;32.8;1019;190"
"20191004;8.4;5.3;11;11.2;;201;12.6;42.1;1011;2"
"20191005;8.4;2.6;10.7;2.5;;317;14.4;46.4;1013.9;30"
"20191006;6.3;1.6;8.7;17.2;;100;10.1;28.1;1016.2;4"
"20191007;7.5;5.8;10.8;0.3;;105;8.6;24.8;1018.5;70"
"20191008;11.3;7.7;14.1;7.9;0;214;12.2;44.3;1013;0"
"20191009;10.2;7.2;12.1;5.5;0;247;15.1;52.2;1012.8;17"
"20191010;8.7;6.8;11.9;5.4;0;241;14.8;54.7;1017.6;102"
"20191011;10.6;4.8;17.8;0;0;200;9;37.4;1019.4;392"
"20191012;13.4;4.8;20.7;0;0;196;7.6;34.6;1016.5;428"
"20191013;16.2;10.2;23.7;0;0;160;7.6;27;1015.8;475"
"20191014;15.2;8.2;24;0;0;178;4.7;20.9;1014.6;582"
"20191015;13.2;6.7;20.9;2.5;0;156;10.8;44.6;1008.8;406"
"20191016;10.9;7.2;14.6;0;0;222;13.7;49.3;1015.3;203"
"20191017;12.2;6.5;18.4;0.1;0;184;7.2;24.8;1015.3;302"
"20191018;12.6;9.7;18.2;8;0;190;9.7;48.6;1013.4;222"
"20191019;11.3;10;13.4;5;0;171;10.1;33.5;1011.8;2"
"20191020;10.8;8.1;15.7;0;0;112;7.6;28.1;1010.4;227"
"20191021;12;7.4;18.8;0;0;302;5.4;19.1;1019;109"
"20191022;10.2;5.7;15.2;0;0;18;4.7;16.9;1024;304"
"20191023;10.9;5.8;13.1;0;0;112;11.5;27;1016.8;1"
"20191024;12.6;10.2;16.3;0;0;220;7.2;27.7;1012.8;249"
"20191025;11.5;5.4;16.4;0;0;245;6.1;25.2;1022.5;356"
"20191026;9.9;3.3;17.4;0;0;189;5;15.8;1021.4;508"
"20191027;11.5;5.5;17.9;4.1;0;248;7.9;31.7;1020.1;244"
"20191028;6;3.8;9.4;0;0;46;8.3;19.8;1022.7;273"
"20191029;5.3;3;8.2;0;0;59;9.7;24.8;1023.1;2"
"20191030;4.1;1;7.4;0;0;79;13;27;1026.5;192"
"20191031;2.5;-1.8;8.3;0;0;94;12.6;30.6;1023.8;524"
"20191101;5;1.4;10;4.5;0;151;11.5;30.2;1013.4;0"
"20191102;12.7;9.9;16.8;1.3;0;201;13.7;37.4;997.8;164"
"20191103;10.3;8.8;11.9;8.7;0;170;10.4;31.7;991;3"
"20191104;8.9;7.1;11.4;4.3;0;214;14.4;54;994.5;174"
"20191105;6.5;1.1;10.6;0.1;0;199;6.5;30.6;999.7;130"
"20191106;5.7;1.9;8.5;0.5;0;222;7.6;38.9;1004.4;59"
"20191107;6.2;2.2;9.4;1.6;0;178;9.4;33.8;1004.8;237"
"20191108;5.3;3.7;6.5;1.8;0;33;7.2;26.3;1005.3;0"
"20191109;3.1;-2.5;6.2;0;0;249;10.8;28.8;1011;39"
"20191110;-0.6;-4.1;2.4;0;0;88;5.4;17.6;1014.7;18"
"20191111;-0.1;-1.3;1.7;0;0;159;11.5;28.4;1013;0"
"20191112;3.4;1.6;6.6;0;0;182;8.6;23;1007.9;180"
"20191113;3.2;0.4;6.6;0;0;208;6.8;28.1;1005.4;99"
"20191114;1.7;-2.6;6.2;0;0;115;13;33.1;1004.8;298"
"20191115;3.2;0.2;5.6;3.2;0;86;10.8;31.7;1001.4;0"
"20191116;3.3;0.3;7.3;0;0;178;6.5;25.6;1010.3;283"
"20191117;3.5;0.5;5.8;0.1;0;30;7.9;25.9;1006.9;0"
"20191118;3.6;1;5.9;0;0;217;13.3;41.8;1010;297"
"20191119;3.2;-0.3;5.2;0;0;241;6.5;23.8;1018;0"
"20191120;0.8;-1.6;3.8;0;0;32;5.4;19.1;1017.4;86"
"20191121;2.7;0.1;5.4;0;0;113;4.3;22;1011.3;0"
"20191122;2.3;1.7;2.8;0;0;137;11.9;27;1009.7;0"
"20191123;5.5;0.4;10.8;0;0;99;13.7;28.8;1001.4;201"
"20191124;4.2;0.3;8.6;0;0;80;5;17.6;1007.4;78"
"20191125;2.9;1;3.9;0.1;0;223;4.7;14.8;1011.9;0"
"20191126;4.9;3.1;7.1;0;0;160;7.9;26.3;1009.7;25"
"20191127;6.9;3.8;9.6;3.2;0;178;14;39.2;999.5;138"
"20191128;7.9;6.6;10.2;3.2;0;226;19.4;46.8;999.8;76"
"20191129;4.6;0.8;7.2;5.4;0;274;16.2;43.9;1010.2;1"
"20191130;1.2;-1.9;4.7;0;0;237;7.9;23.8;1024;29"
"20191201;-0.7;-1.9;0.5;0;0;81;11.9;25.6;1019.6;0"
"20191202;0.3;-2;3.2;0;0;314;7.2;24.8;1025.6;291"
"20191203;0.5;-2.5;4.9;0;0;206;5.8;14;1029.8;220"
"20191204;-1.4;-4.5;3.5;0;0;89;10.4;21.6;1024.5;396"
"20191205;-3.4;-6;-0.4;0;0;162;6.5;19.1;1024.5;156"
"20191206;0.2;-3.6;6.3;1.9;0;179;8.6;39.6;1019.5;413"
"20191207;6.1;5;7.2;2.7;0;249;18;44.6;1016.7;15"
"20191208;7.3;5;9.5;0.9;0;227;18.7;71.6;1011.2;98"
"20191209;5.3;3.5;7.7;2.6;0;252;20.9;52.6;1006.8;240"
"20191210;0.6;-3.4;3.5;0;0;260;11.5;40.3;1026.1;37"
"20191211;-1;-3.3;0.8;4.6;0;166;9.4;23.8;1014.8;1"
"20191212;0.4;-1.8;2.4;1.1;0;202;9;26.6;1004.8;0"
"20191213;0.4;-2.5;3;9.9;10;192;20.5;50;986.6;0"
"20191214;4.4;1.2;6.8;7.6;0;236;24.1;70.9;997.6;42"
"20191215;7;3.7;12.1;4.3;0;220;15.1;57.6;1007.2;16"
"20191216;5.7;2.1;10.6;0;0;165;8.3;23.8;1011;358"
"20191217;4.7;0.7;11.4;0;0;170;4.3;17.6;1009.7;242"
"20191218;5.1;0.9;11.4;0.2;0;161;4.3;14.4;1019;123"
"20191219;3.8;0;8.1;0;0;113;5.8;23.8;1015;314"
"20191220;4.4;-0.5;8.4;0.4;0;143;8.3;43.2;997.7;74"
"20191221;2.9;-1;6.3;1;0;164;6.5;24.5;995.9;157"
"20191222;4.5;1.6;7.4;3.1;0;196;14.4;47.9;991.4;6"
"20191223;5.1;4.5;6;2;0;272;19.8;47.2;1009;4"
"20191224;4.9;2;7;5.4;0;241;17.3;51.5;1015.7;7"
"20191225;5.1;2.2;6.7;3.7;0;279;17.6;44.6;1019.2;21"
"20191226;3;1.6;5.2;0;0;217;6.5;16.9;1025.9;183"
"20191227;2.3;-1.3;3.7;0.2;0;103;6.8;19.1;1028.4;0"
"20191228;-1.5;-5.5;1.3;0;0;89;6.8;18;1041.2;188"
"20191229;-3.3;-6.9;1.2;0;0;110;6.5;22;1041.1;419"
"20191230;-0.9;-4.8;4.4;0;0;154;5;17.3;1036.1;424"
"20191231;1;-3.1;3.9;0;0;228;5.8;23;1034.3;139"
"20200101;-1.2;-4.4;4.2;0;0;97;5.8;22;1035.4;425"
"20200102;-2;-5.3;0.3;0;0;164;5.8;20;1031.5;0"
"20200103;2.5;-2.1;5.9;6.2;0;228;9.2;37.1;1026.1;100"
"20200104;3.1;1.8;6.1;0.3;0;280;19.8;49.3;1030.3;0"
"20200105;2.2;-2.9;4.5;0.1;0;265;7.9;37.8;1036.2;23"
"20200106;-1.5;-4.2;1.7;0;0;216;5.8;19.1;1031;382"
"20200107;1;-4.3;2.9;0.4;10;243;8.3;33.1;1030.3;0"
"20200108;1.8;-2.3;5;0.1;0;184;5.8;15.5;1030.1;0"
"20200109;6.2;4.2;10;0.2;0;175;7.6;21.2;1021.6;75"
"20200110;6.8;4.6;9.4;0.8;0;245;14.8;55.1;1021.6;13"
"20200111;1.6;-4.4;5.1;0;0;272;7.2;31.7;1033.8;151"
"20200112;-1.3;-5.8;2.4;0;0;233;7.6;29.9;1029.7;23"
"20200113;2.7;-0.5;4.9;0.1;0;182;7.7;19.8;1024.1;0"
"20200114;4.5;-0.5;10;0;0;170;10.9;24.1;1017.4;258"
"20200115;5.2;1;12;0;0;181;7;22.3;1020.7;432"
"20200116;5.9;-0.9;11.6;0;0;150;5.8;16.9;1028.6;276"
"20200117;3.2;-3.5;10.3;0.2;0;203;6.1;29.9;1022.2;365"
"20200118;2.9;0.7;5.8;1.6;0;262;11.2;47.9;1027.2;32"
"20200119;0.7;-0.4;1.8;0.4;0;324;6.5;19.1;1036.5;0"
"20200120;0.2;-2.3;3.4;0;0;61;8.6;22;1046;103"
"20200121;-2.8;-5.3;-1.7;0;0;107;9;19.8;1043;0"
"20200122;-3.6;-5.4;-0.2;0;0;104;6.8;19.4;1037.5;118"
"20200123;-1.9;-3.3;-1;0;0;108;9.7;24.5;1032.9;0"
"20200124;-0.9;-3.7;4.2;0;0;204;6.1;19.4;1026;358"
"20200125;0.1;-4.5;6.7;0;0;199;3.2;11.9;1023.5;130"
"20200126;1;-2.2;7;0;0;176;2.9;9;1020.8;44"
"20200127;3.4;-3.6;8.8;1.4;0;196;9.4;37.1;1014.2;215"
"20200128;3.1;0;5.9;6.1;0;235;23;77;1002.8;61"
"20200129;1.1;0;2.1;2.6;20;260;18.4;45;1011.4;4"
"20200130;4.4;1.4;7.5;1.6;0;225;13.3;42.1;1015.1;184"
"20200131;9.9;7.5;11.4;0.5;0;251;21.2;55.4;1012.8;1"
"20200201;10;1.8;13.8;15.2;0;237;20.2;51.1;1010.5;158"
"20200202;8.9;4.3;12;12.1;0;255;23.4;60.5;1012.9;0"
"20200203;6.8;5.4;7.9;17.1;0;257;19.1;45.4;1015.2;0"
"20200204;2.9;0.5;10.5;1.6;0;282;25.6;80.3;1013.1;117"
"20200205;0.7;-4.5;3.5;0;0;325;14.8;44.3;1032.6;358"
"20200206;-0.7;-4.9;4.9;0;0;230;4.3;17.6;1033.8;501"
"20200207;-0.8;-5.2;4.2;0;0;107;9;31.3;1030.2;510"
"20200208;0.6;-3.6;7.2;0;0;157;5;13;1026.4;371"
"20200209;5.6;-2.4;12;1.9;0;204;13.7;55.1;1017.8;400"
"20200210;8;2.4;13.2;13.7;0;255;38.2;106.2;1003;175"
"20200211;3.3;0.6;6;0.9;0;267;31;82.8;1009.4;129"
"20200212;2.3;0.4;4;6.5;0;260;24.7;78;1018.5;78"
"20200213;2.2;-1.8;5.3;4.9;0;194;13.7;50.4;1012.7;15"
"20200214;4.4;3.1;5.7;1.1;0;261;16.9;58.3;1020.6;5"
"20200215;4.5;-0.6;10;0;0;175;8.6;28.4;1024.8;420"
"20200216;9.1;3.9;14.1;0;0;177;13.7;37.8;1016.6;85"
"20200217;8;4.5;14.1;13;0;255;15.8;61.6;1018.6;0"
"20200218;4.6;3.5;6.6;0.2;0;250;20.5;51.8;1026.3;53"
"20200219;2.9;0;4.7;5.4;0;246;18.4;49.7;1022.3;112"
"20200220;4;0.6;7.9;1.6;0;222;11.2;44.3;1021.8;18"
"20200221;3.8;1.2;6.4;0;0;267;20.5;70.2;1028;297"
"20200222;6.5;1.1;12;3.7;0;237;17.3;57.2;1027.1;330"
"20200223;9;4.5;12.7;9.8;0;254;32;88.9;1020.1;1"
"20200224;5.5;2.3;9.5;0.5;0;224;14.8;55.8;1019.6;16"
"20200225;6.1;2.8;8.9;7.6;0;252;20.5;50;1004.6;20"
"20200226;1.6;0.5;3.4;0.1;0;262;24.8;60.8;1002.4;167"
"20200227;0.9;-0.6;3.3;12.9;0;229;21.6;72.7;1003.3;47"
"20200228;1.1;-0.2;3.7;1.2;70;248;15.8;43.2;1017.7;295"
"20200229;5.5;0.9;11.3;1.7;20;186;15.1;59.4;1003.4;124"
"20200301;6.5;4;10.3;0;0;200;16.6;78.1;1000.3;271"
"20200302;5;-0.9;9.6;2.5;0;152;15.1;60.1;994.3;378"
"20200303;2.3;-2.5;5.1;0.2;0;265;17.6;48.2;1004;138"
"20200304;1.7;-2.7;6.5;0;0;228;10.4;35.6;1013.9;123"
"20200305;3;-1.2;6.2;11.7;0;160;15.5;51.5;1000.8;6"
"20200306;4.5;2.4;6.5;2;0;242;23.4;58.7;997.6;10"
"20200307;2.9;-0.6;5.7;0.6;0;275;15.8;44.6;1018.2;43"
"20200308;3.9;-1.7;9.3;1.8;0;190;9.4;29.2;1019.6;113"
"20200309;4.5;1.1;8.5;1;0;234;11.9;38.2;1015.7;134"
"20200310;4.6;1.7;9.1;13.6;0;229;19.8;46.1;1014.7;0"
"20200311;11.3;8.9;13.3;0;0;252;23.8;56.9;1015.6;10"
"20200312;10.1;5.3;15.6;0.9;0;255;22.3;64.8;1014;193"
"20200313;5.2;0.8;8.2;0;0;268;21.6;58.7;1020.2;272"
"20200314;2.4;-2.6;8.4;0;0;172;4.3;28.4;1023.6;152"
"20200315;4.9;-1.5;11.8;0;0;148;11.9;35.3;1020.4;630"
"20200316;7.9;-1.1;17.2;0;0;239;6.1;41.4;1021.4;622"
"20200317;9.5;2.5;15.2;0;0;247;6.8;31;1029.5;181"
"20200318;8.5;0.5;16.3;0;0;312;3.2;17.3;1028.9;415"
"20200319;11;4.5;17.9;0;0;14;3.5;17;1024.5;366"
"20200320;9.6;3.2;17.4;0;;22;8;32;1020.9;282"
"20200321;2.4;-0.4;4.7;10.7;0;65;20.9;48.6;1023.9;0"
"20200322;0.5;-2.9;5.7;0;0;88;23;47.2;1030.5;667"
"20200323;-0.9;-5;4.5;0;0;100;19.4;50.8;1035;670"
"20200324;-0.1;-5.6;6.2;0;0;87;16.9;41;1032.6;672"
"20200325;1;-4.3;6.7;0;0;85;21.2;50.4;1025.7;676"
"20200326;2.2;-2.7;7.3;0;0;79;18;43.6;1019.6;363"
"20200327;7.8;1;15.7;0;0;79;15.1;38.2;1015.9;669"
"20200328;8.9;0;16;0;0;44;10.1;28.1;1017.2;651"
"20200329;2.9;0.2;5;0.1;0;;13.7;44.3;1021.8;49"
"20200330;0;-5;5.3;0;0;40;14;43.9;1027.2;708"
"20200331;0.2;-6;5.9;0;0;46;9.7;31.7;1027.6;285"
"20200401;0.8;-7.1;9.2;0;0;60;5.4;24.8;1021.7;696"
"20200402;3.8;-5.9;12.7;0;0;259;6.5;30.6;1013.6;698"
"20200403;5.1;-1.9;11;0;0;262;9;37.4;1017.1;272"
"20200404;7;-1.9;13.6;0;0;80;6.5;24.1;1024;645"
"20200405;8.9;2.2;16.4;0;0;101;16.6;46.4;1023.9;720"
"20200406;9.9;-0.8;20.2;0;0;43;5;24.5;1023.9;726"
"20200407;12.4;1.4;21;0;0;98;7.2;31.3;1028.6;726"
"20200408;12.5;3;20.7;0;0;44;7.2;25.2;1025.1;732"
"20200409;11.8;2.7;21.2;0;0;246;4.7;31.3;1023.7;566"
"20200410;12.4;3.5;20.6;0;0;16;6.8;25.6;1023.9;655"
"20200411;11.2;2.4;19.6;0;0;40;5;19.1;1023.7;727"
"20200412;12.4;1.3;22.1;0;0;232;5.4;43.2;1017.1;509"
"20200413;8.4;-1;17.1;0.1;0;282;12.2;46.1;1016.1;300"
"20200414;1.4;-4.5;7.1;0;0;348;6.8;32.8;1025.5;426"
"20200415;5.3;-4.9;15.4;0;0;142;5;22.7;1025.1;684"
"20200416;11.1;-1.1;21.4;0;0;271;6.8;32.8;1018.5;738"
"20200417;14.5;5.8;22.7;0;0;276;5.4;26.6;1015.2;591"
"20200418;14.8;5.8;22.2;0;0;295;6.1;23.4;1014.7;283"
"20200419;12.5;7.1;17.8;0;0;18;12.2;40;1015.7;531"
"20200420;10.8;4.7;16.9;0;0;84;24.8;54.7;1015.8;762"
"20200421;11.8;5;19.2;0;0;86;24.1;54.4;1014.9;"
"20200422;12.7;5;20.2;0;0;86;20.5;45.7;1017.4;"
"20200423;11.9;4.4;19.6;0;0;78;9.7;27;1018.9;"
"20200424;12.4;1.6;20.7;0;0;274;10.8;45.4;1012.3;"
"20200425;10.7;4;16.5;0;0;327;9.4;29.5;1010.8;"
"20200426;10.9;0.1;18.6;0.5;0;48;5.8;24.5;1010.6;"
"20200427;13.4;7.1;20.6;0;0;251;5;25.9;1009.1;504"
"20200428;11.4;5;17.4;3.7;0;243;8.3;35.6;1006.8;102"
"20200429;10.8;6.3;14.7;3.9;0;245;10.8;44.3;1008.7;252"
"20200430;10.5;6.5;14.5;1.8;0;198;14.4;40.7;1007.1;16"
"20200501;9.3;5.8;15.1;1.1;;233;15.5;65.5;1005.9;385"
"20200502;8.2;3.5;13.6;0.2;;267;19.1;58.7;1010.9;496"
"20200503;9.6;3.1;15.7;0;;272;7.2;26.6;1018.5;497"
"20200504;10.7;3.7;17.2;0.8;;269;10.4;40;1016.9;299"
"20200505;8.6;2.7;14.3;0;;33;10.1;31;1018.8;603"
"20200506;7.5;-0.3;14.7;0;;53;7.9;31.7;1024.1;863"
"20200507;11.1;-0.4;20.9;0;;211;4.3;19.8;1023.5;856"
"20200508;14.9;5.1;23.6;0;;320;6.5;28.1;1017;772"
"20200509;16.1;9.3;23.6;0;;58;7.2;30.6;1011.7;303"
"20200510;15.4;8.8;23;0.9;;184;7.2;36;1005.9;216"
"20200511;8.1;0.8;14.4;18;;31;15.5;48.2;1004.5;0"
"20200512;4.9;-2;11.1;0;;41;6.1;23.4;1017.6;701"
"20200513;6.3;1;11.8;5;;85;6.1;24.8;1012;303"
"20200514;9;5.7;12.5;0;;30;9.4;29.5;1014.5;64"
"20200515;10;2.5;14.9;0;;44;10.8;29.2;1017.4;327"
"20200516;10.2;0.3;18.5;0;;32;4.3;16.2;1021.4;799"
"20200517;11.4;2.8;18.5;0;;328;5.8;26.3;1022.3;831"
"20200518;13.7;3.3;21.7;0;;284;5;23;1023.2;884"
"20200519;16.3;5.9;23.4;0;;320;8.3;40;1020.1;859"
"20200520;15.2;8;20.9;0;;40;5.8;17.3;1020.7;129"
"20200521;15.9;8.5;23;0;;57;6.1;19.8;1021.6;687"
"20200522;17.7;7.4;24.6;0;;214;5.8;27.4;1020.9;369"
"20200523;12.4;7.4;17.9;1.9;;301;12.2;42.8;1024.5;3"
"20200524;11.7;5.7;16.9;0.1;;270;16.9;49.3;1030.1;429"
"20200525;13.1;7.5;18.1;0;;307;15.5;48.2;1031.1;330"
"20200526;11.1;3.3;18;0;;36;7.2;26.6;1034.1;442"
"20200527;13.4;3.3;21.2;0.1;;57;6.5;26.6;1032.3;803"
"20200528;12.7;3.8;19.3;0.1;;48;10.4;40.7;1028.6;436"
"20200529;12.2;3.2;19.4;0;;78;10.1;36.4;1025.6;667"
"20200530;12.5;7.5;18.2;0;;49;13;37.4;1021.6;464"
"20200531;13.5;6.5;19.1;0;;59;12.6;30.2;1020.5;754"
"20200601;16.9;5.9;24.4;0;;68;11.2;33.8;1019.8;908"
"20200602;17.7;7.8;25.5;0;;58;6.8;28.1;1015.7;875"
"20200603;17.1;8;25.8;0.6;;266;7.9;47.9;1005.2;655"
"20200604;13.9;11;18.5;12.2;;220;9.4;41;997;27"
"20200605;10.7;8.5;13;8.8;;255;15.8;53.3;1000.1;45"
"20200606;10.6;8;13.5;6.3;;229;9.7;31;1005.4;41"
"20200607;11.2;5.9;13.8;2.5;;218;6.8;20.5;1009.7;60"
"20200608;11.5;4.3;16.6;1.8;;78;6.1;21.6;1013.8;425"
"20200609;12.2;9.8;14.2;1.5;;48;10.8;28.8;1014.3;0"
"20200610;11.7;10.3;13.8;4.8;;24;10.4;27.7;1012.7;0"
"20200611;13.1;8.6;18.1;0.1;;15;5;14.8;1009.8;201"
"20200612;17.8;7.2;25.9;0;;79;11.5;38.2;1007;869"
"20200613;19;10.9;26.2;14.3;;313;9.7;40.7;1008.8;634"
"20200614;14.6;13.6;15.9;11.6;;280;17.6;38.2;1013.4;0"
"20200615;13.9;13;15;16;;289;15.8;35.3;1016.7;0"
"20200616;15;11.3;18.9;0.2;;312;6.8;22.3;1015.7;164"
"20200617;15.6;11;22;5.7;;138;7.6;36.4;1011.2;73"
"20200618;15.5;10.5;21.1;0;;283;10.4;28.4;1013.2;656"
"20200619;15.6;9.9;19.2;0;;249;10.1;32.4;1016.6;426"
"20200620;15.5;11;20.4;1.2;;284;7.6;40;1020.2;207"
"20200621;16.7;10.8;22.7;0;;271;6.8;27;1020.6;663"
"20200622;18.3;13.4;23;0;;289;9.7;29.2;1022.9;547"
"20200623;18.4;11;24.2;0;;39;7.2;26.3;1023.8;926"
"20200624;19;10.3;24.6;0;;67;10.4;29.2;1021.6;906"
"20200625;17.3;10.9;23.7;0;;82;9;26.3;1018.9;606"
"20200626;18.8;9.2;27.4;0.9;;134;7.6;48.2;1014;774"
"20200627;20.1;14.3;26.9;1.4;;211;6.8;40.7;1013.2;641"
"20200628;18.2;13.4;23.7;1.8;;252;9.7;41;1015.4;240"
"20200629;16.2;12.1;21.6;0.1;;267;10.8;40.7;1014.3;355"
"20200630;16.3;9.7;22.2;0;;240;10.1;34.2;1013.3;734"
"20200701;20.5;10.3;27.9;1.8;;241;8.6;50.4;1009.9;884"
"20200702;18.1;13.6;21.8;9.1;;247;10.1;29.9;1012.6;269"
"20200703;16.1;9.7;21.8;0;;275;9.4;32.8;1018.4;735"
"20200704;17.6;8;24.2;0;;244;9;34.2;1018.9;774"
"20200705;20.9;15.1;26.1;1.3;;248;14;45.7;1015.5;621"
"20200706;16.3;8;19.7;0;;274;17.6;49;1016.2;590"
"20200707;13.7;5.2;20.3;0;;276;6.1;25.9;1020.5;749"
"20200708;15.5;8.5;21.5;0.1;;257;9;43.6;1017.4;281"
"20200709;20.6;14;27.6;0;;227;9.7;38.9;1015;671"
"20200710;20.2;12.6;28.1;5;;259;14.8;56.2;1012.8;707"
"20200711;15.4;9.6;20.6;0;;349;8.3;29.5;1021.8;522"
"20200712;15.3;6.6;22.3;0;;55;7.2;24.1;1025.2;705"
"20200713;16;7.1;23.1;0;;83;6.8;34.6;1021.8;776"
"20200714;17.3;8;24.9;0.7;;164;4;19.4;1014.9;497"
"20200715;15;12.1;17.6;11.2;;269;7.9;26.6;1014.3;130"
"20200716;13.2;11.9;14.4;15.9;;253;6.1;27.4;1017.8;0"
"20200717;15.1;8.9;20.4;0;;23;6.1;30.6;1019.8;239"
"20200718;16.8;7.7;23.8;0;;14;5;23.4;1019.3;578"
"20200719;19.1;9.9;27.1;0;;250;4.3;20.5;1016.3;676"
"20200720;20.1;11.7;27.5;0;;271;6.1;27.4;1016.2;648"
"20200721;18.7;11.5;25;0;;340;7.9;36.4;1019.8;778"
"20200722;18.2;7.4;25.7;0;;343;5.4;24.8;1019.7;815"
"20200723;18.3;8.2;25.9;0;;312;5.4;31.7;1015.2;870"
"20200724;18.6;9.6;24.9;0;;266;8.3;38.9;1012.4;507"
"20200725;20.2;15.4;25.8;1.3;;254;7.9;40.3;1013.1;609"
"20200726;19;13.1;24.3;6.3;;231;10.8;47.5;1013.5;365"
"20200727;20.5;10.2;28.7;0;;176;9.4;35.6;1015.1;849"
"20200728;21.8;14.6;26.9;0;;255;13.7;45;1012.5;711"
"20200729;18.2;9.2;25.5;0;;284;7.2;31.7;1018.9;878"
"20200730;20.4;8.6;29.8;0;;345;4.7;21.6;1018.8;874"
"20200731;22.9;10.6;33.1;0;;20;4.7;18.7;1016.3;874"
"20200801;24.2;13.3;33.1;0;;339;7.2;31.7;1013.3;745"
"20200802;19.1;16.5;22.7;12.7;;245;7.2;33.1;1013.3;29"
"20200803;16;13.3;20.2;16.9;;6;6.5;27.4;1011.3;55"
"20200804;14.7;9.8;18.7;0.1;;315;6.8;27.4;1015.5;162"
"20200805;15.6;7.5;22.9;0;;132;6.5;31.7;1019.4;720"
"20200806;18.7;9.6;26.4;0;;74;7.2;28.8;1020.2;856"
"20200807;21.5;12.1;29.4;0;;78;7.2;38.2;1020.1;841"
"20200808;22.7;13.2;30.8;0;;80;4.3;24.5;1019.6;846"
"20200809;23.3;14;31.5;0;;144;5.4;32;1017.1;807"
"20200810;23.8;14.1;31.4;0;;92;8.6;29.9;1014.3;673"
"20200811;22.7;16.7;29.8;1.3;;94;9;33.1;1015.9;464"
"20200812;23.4;16.3;31;0;;117;8.3;32;1015.3;671"
"20200813;19.1;15.7;25.9;11.7;;96;6.5;46.8;1014.9;117"
"20200814;20.1;17.5;24.6;0.1;;297;5.4;24.8;1014.3;258"
"20200815;20.5;15.7;25.7;2.2;;285;6.1;27.7;1014.3;336"
"20200816;20.5;13.9;26.9;0;;101;7.2;25.2;1011.6;695"
"20200817;19.2;14.3;24.3;0.1;;230;7.9;28.1;1011.2;237"
"20200818;18.2;12.8;24.5;9.8;;254;9;47.2;1012.1;397"
"20200819;17.9;9.9;24.6;0;;176;5;20.9;1011.7;733"
"20200820;22.1;15.2;29.6;0;;185;5.8;22.3;1010.8;600"
"20200821;25.1;16.3;33.5;6.6;;180;7.2;28.4;1011.7;777"
"20200822;19.1;13;22.9;17.3;;277;9.4;34.9;1017.7;276"
"20200823;16.7;9.9;21.9;0;;235;10.4;45.4;1018.1;479"
"20200824;14.3;7.8;20.4;0;;233;6.1;26.6;1017.8;344"
"20200825;16;6.9;22.6;0;;188;6.8;27;1014;427"
"20200826;19.1;14.2;22.6;0;;256;21.6;63.7;1012.4;663"
"20200827;15.3;8.8;20.9;0;;238;5.4;22;1016.4;482"
"20200828;16.6;11.6;23.9;13.6;;206;8.6;43.9;1006.1;341"
"20200829;14.5;12.6;18;0.5;;188;7.9;24.1;1007.2;36"
"20200830;13;11.5;14.4;23.6;;2;9.7;32.4;1009;0"
"20200831;13.4;11.2;16.5;0.5;;275;6.5;21.2;1017;16"
"20200901;13.1;10.9;15.6;0.3;;45;5.8;18;1016.9;10"
"20200902;12.7;7.8;18.7;0;;58;4;17.3;1018.7;501"
"20200903;14.8;5.2;21.2;0;;242;6.1;25.2;1022.2;548"
"20200904;19.3;14;25.5;0;;211;7.2;27.4;1022.5;461"
"20200905;17.2;12;23.4;0.2;;279;9;37.8;1017.5;416"
"20200906;14.1;9;18.4;0;;352;5.8;22.7;1019.5;296"
"20200907;12.4;5.5;19.7;0;;31;5;28.8;1024;756"
"20200908;13.6;4.2;22.8;0;;234;3.2;16.6;1027.4;754"
"20200909;15.3;6.6;24;0;;246;5;25.6;1023;752"
"20200910;15.7;9.8;20.1;0.1;;65;5.4;21.2;1020.3;297"
"20200911;17.3;11.1;23.6;0;;72;2.9;13;1017.3;212"
"20200912;16.8;8.9;25.3;0;;246;4;21.6;1020.3;625"
"20200913;17.6;8.8;26.7;0;;252;3.6;15.1;1026;706"
"20200914;18.1;9.5;28.2;0;;69;6.8;31;1025.4;710"
"20200915;18.2;9.1;28.1;0;;256;3.6;18;1021.1;715"
"20200916;18.2;9.8;26.8;0.8;;259;4.7;23.8;1019;419"
"20200917;15.6;11.4;20.3;0;;44;11.5;32;1023.1;424"
"20200918;14;7.8;20.7;0;;85;15.1;34.2;1024;699"
"20200919;13.2;4.6;22.2;0;;86;8.6;22.3;1019.3;683"
"20200920;12.7;4.5;21.8;0;;54;5.8;22;1016.3;690"
"20200921;14.6;4.9;24.6;0;;207;3.6;16.6;1015.7;680"
"20200922;15.6;7.9;23.4;0;;187;4;20.5;1011.7;443"
"20200923;16;11.8;21.4;0;;233;7.6;27.4;1008.2;317"
"20200924;15.6;10.7;21;8.4;;188;9.7;37.8;1006.2;362"
"20200925;9.8;7.3;13.5;3.1;;235;11.9;49;1001.1;1"
"20200926;6.7;6.1;7.6;16.1;;258;18.7;43.2;999.9;0"
"20200927;8.3;3.1;14.2;0;;205;10.8;37.4;1004.8;417"
"20200928;8.1;0.2;15.2;0;;70;4.3;17.3;1012.2;357"
"20200929;8;1.3;12;0;;245;5.8;23.8;1018.5;65"
"20200930;11.3;5.9;16;0;;165;5;19.1;1016.3;31"
"20201001;10.6;3.5;16.6;0;;147;6.8;25.9;1006.9;198"
"20201002;13.8;9.8;18.6;0;0;106;15.5;44.6;994.7;174"
"20201003;11;5.6;16.6;2.9;0;142;12.2;47.5;992.8;135"
"20201004;10;4.2;16.4;0.6;0;184;10.4;42.8;1000.5;381"
"20201005;10.6;7.5;14;3.4;0;230;13;45.4;1006.3;209"
"20201006;10.3;8.5;12.8;7.9;0;212;15.5;52.2;1007.7;71"
"20201007;9.9;8.6;12.8;2.3;0;247;14.8;39.6;1014.6;76"
"20201008;11.3;6.8;15.2;0;0;232;11.2;36;1021.4;64"
"20201009;14;11.9;17.5;1.5;0;231;8.3;31;1019.8;161"
"20201010;8.5;3;12.4;0.4;0;260;9.4;47.2;1021.4;106"
"20201011;5;0.6;9.8;0;0;251;6.1;25.2;1021.2;167"
"20201012;5.6;0.3;10.1;2.4;0;252;6.1;25.9;1020.2;89"
"20201013;6.2;3.3;9.8;0;0;25;4.7;17.6;1014.7;90"
"20201014;5.5;3.5;7.2;7.6;0;339;9.4;29.5;1013.6;0"
"20201015;7;5.6;8.2;1.9;0;12;9.7;25.6;1014.7;0"
"20201016;7.3;5;8.8;1.1;0;13;10.8;27.4;1018;0"
"20201017;6;4;7.8;0.1;0;313;4.3;14.4;1019.9;0"
"20201018;5.7;3.1;9.5;0;0;256;5.4;24.1;1023.6;89"
"20201019;6;1.9;10.3;0;0;151;5;24.1;1023.8;103"
"20201020;7.4;1.9;12.9;0;0;153;7.6;23;1017.3;300"
"20201021;10.9;6.7;14.9;0;0;157;7.2;27;1012.6;130"
"20201022;13.8;6.8;19.9;2.4;0;193;7.2;29.9;1016.6;150"
"20201023;13.2;12.2;15.1;4.5;0;207;9.4;27.7;1014.7;57"
"20201024;11.2;5;15.2;0;0;249;7.9;29.5;1017.2;287"
"20201025;9.4;3.7;15.2;0;0;168;8.6;23.8;1010.1;488"
"20201026;7.7;5.4;9.5;3;0;239;9.4;38.2;1006.8;0"
"20201027;6.6;3.7;11.2;0.1;0;185;10.1;31.7;1012.2;219"
"20201028;8.3;5.2;12.3;6.8;0;198;11.5;37.1;1014.4;32"
"20201029;8.8;7.5;10.3;5.8;0;245;15.5;51.5;1019.3;87"
"20201030;10.9;8.8;12.1;0.2;0;255;15.1;42.8;1023.7;1"
"20201031;10.4;5.2;14.4;0;0;193;7.9;27.4;1023.5;434"
"20201101;11.2;6.3;14.6;3.7;0;218;9.7;31.7;1018.9;0"
"20201102;16.9;14.1;19.8;0.4;0;230;15.1;37.8;1016.4;121"
"20201103;10.5;7.5;17;0.2;0;272;9.7;40.7;1024.2;7"
"20201104;6.8;4.1;8.2;0;0;352;7.9;21.2;1031.7;10"
"20201105;4.2;-1.1;10;0;0;52;8.3;20.5;1037.6;543"
"20201106;2.7;-2.3;10.1;0;0;88;8.6;24.8;1034.6;545"
"20201107;2.9;1.7;4.6;0;0;148;10.1;27;1029.1;0"
"20201108;6.2;1.7;14.6;0;0;153;4.7;12.6;1025.8;417"
"20201109;3.2;0.9;5.5;0;0;144;7.2;18.7;1026.7;0"
"20201110;3.6;2.4;5.1;0;0;136;6.8;15.8;1028.7;0"
"20201111;5.7;3.3;8.5;0;0;130;6.1;18;1026.9;0"
"20201112;7.7;3.1;12.5;0;0;196;8.6;28.1;1022.6;100"
"20201113;8.2;3;13.2;0;0;167;5.4;17.6;1022;130"
"20201114;9.7;4.8;14.9;0;0;162;6.5;21.6;1020.9;373"
"20201115;7.7;1.5;14.1;1.8;0;169;8.3;33.1;1015.6;477"
"20201116;8.4;7.1;10.2;0.7;0;239;14.4;37.1;1019.1;71"
"20201117;7.3;1.6;10.6;0;0;228;9.4;29.5;1029;163"
"20201118;5.1;-0.7;12.2;0;0;156;4.3;18;1027.6;508"
"20201119;6.4;0.4;11.7;1.7;0;256;14.4;42.8;1024.3;51"
"20201120;2.1;-4;5.5;0;0;311;7.9;25.2;1034.9;256"
"20201121;-1.7;-6.5;3.5;0;0;177;3.6;19.1;1036.3;326"
"20201122;1.6;-4.5;6.1;0;0;222;5;21.2;1030.2;366"
"20201123;4;-0.2;6;0.6;0;226;5.8;19.4;1030.1;0"
"20201124;3.2;0.7;4.3;0;0;150;9.7;24.8;1027.1;0"
"20201125;0.6;-1.1;1.9;0;0;152;11.2;25.6;1023.5;0"
"20201126;-0.7;-1.5;0.6;0;0;150;10.1;21.6;1025.2;0"
"20201127;-1;-2;0.1;0;0;148;9.4;22.3;1023.3;0"
"20201128;-1.4;-3.1;-0.1;0;0;102;9.4;30.2;1022.7;0"
"20201129;-1.9;-6.4;1.6;0;0;81;10.4;32;1026.2;282"
"20201130;-3.9;-8.2;1.2;5.8;0;165;5.8;22.3;1027.1;367"
"20201201;-0.5;-2.7;1.5;2.2;50;189;6.5;23;1018.1;0"
"20201202;-1.9;-3.5;-0.3;0;40;92;8.6;21.2;1017.8;0"
"20201203;-2.3;-3.5;-0.6;0;30;164;9.4;31.3;1007.3;0"
"20201204;-1.8;-3.4;0.1;0;30;115;7.9;25.6;993.4;5"
"20201205;-0.4;-4.8;1.3;1.3;30;107;6.5;24.8;1000;0"
"20201206;0.2;-0.7;0.8;2.6;10;274;5;18.7;999.6;0"
"20201207;0.5;-1.6;1.7;0;0;182;9;21.6;1002.4;94"
"20201208;0.3;-1.2;2.5;1.9;0;87;7.9;20.2;1004;163"
"20201209;0.1;-0.1;0.6;5.7;0;295;7.6;18.7;1009.4;0"
"20201210;-0.3;-1;1.2;0;30;270;4;15.8;1008.7;0"
"20201211;-0.2;-0.9;0.4;0.2;10;155;11.9;31.3;1001.8;10"
"20201212;1.4;0.1;3.8;1.4;0;166;7.2;23;1001;0"
"20201213;3.8;-0.3;5.5;0.3;0;222;5.8;25.2;1012.7;0"
"20201214;2;0.1;3;0;0;151;9.7;24.8;1015.8;0"
"20201215;3.1;1.6;5;0;0;152;6.8;27.4;1015.9;0"
"20201216;3.8;0.5;7.2;0;0;129;6.5;24.8;1020.4;161"
"20201217;3.1;-0.1;7.6;0;0;155;8.6;27.7;1024.8;166"
"20201218;2.5;-0.3;7.2;0;0;147;5.8;19.4;1026.5;263"
"20201219;-0.2;-0.8;0.7;0;0;145;11.2;29.5;1023.6;0"
"20201220;0;-0.7;0.8;0.9;0;154;10.1;24.5;1024.2;0"
"20201221;2.5;0.1;6.2;3.9;0;160;9;26.3;1023.9;0"
"20201222;10;6.1;11.6;5.3;0;232;18;42.5;1018;0"
"20201223;10.8;8.6;12.1;7.3;0;227;13.3;40;1014.9;0"
"20201224;5.5;1;8.8;6.5;0;248;16.2;51.1;1011.1;0"
"20201225;-0.1;-4.4;1.4;0.2;0;334;10.4;29.5;1020.4;2"
"20201226;-2.9;-5.1;-0.2;0;0;224;6.5;23.4;1025.9;43"
"20201227;-2.8;-5.2;-0.8;0;0;172;15.1;47.5;1002.7;0"
"20201228;-0.4;-2.2;1.2;1.1;10;164;8.6;29.2;983.9;0"
"20201229;0.8;-1;2.5;1.5;10;197;12.2;45.7;992.6;84"
"20201230;0.4;-2.9;4;1.1;10;201;5.4;28.8;1005.2;248"
"20201231;0.1;-2.9;2.5;1.1;10;180;9.7;33.5;1007.4;252"
"20210101;-0.2;-4.6;1.5;0;10;197;3.6;13;1009.3;0"
"20210102;-2.2;-6.4;0;3.5;0;39;6.8;27.4;1013.1;0"
"20210103;-1;-1.8;0;0;50;275;4.3;18;1011.6;0"
"20210104;-1;-1.5;-0.4;0.1;30;86;5.4;20.2;1014;0"
"20210105;0;-0.5;0.8;0.3;30;47;9;20.5;1012.7;0"
"20210106;-0.5;-1.1;-0.1;3.5;10;354;6.5;17.6;1012.9;0"
"20210107;-0.8;-1.9;-0.1;0.2;50;240;9.4;26.3;1015;61"
"20210108;-1.1;-1.9;-0.4;0.6;40;253;12.2;32;1016.2;0"
"20210109;-1.9;-5.9;0.2;0.7;40;345;6.5;16.2;1022.7;96"
"20210110;-3.9;-10.8;-1.1;0;30;47;4.7;18.4;1025.4;311"
"20210111;-7.8;-11.1;-5.2;0;40;186;5.4;17.3;1025;95"
"20210112;-0.6;-5.2;1;5.5;40;237;19.8;53.6;1013.7;0"
"20210113;-0.4;-2.1;1.1;0;40;264;16.9;43.9;1017.2;132"
"20210114;-1.2;-5;1;0;40;325;15.1;47.9;1018.4;0"
"20210115;-3.6;-7;-0.9;0;40;32;9;22.7;1024.6;362"
"20210116;-3.5;-6;-2.5;0.4;50;279;9;28.8;1026.4;0"
"20210117;-3.2;-5.4;0.2;2.5;60;203;5;29.5;1020.8;0"
"20210118;0.4;-0.2;0.9;0.4;80;268;15.8;35.6;1025.3;0"
"20210119;0.5;-1.3;3.5;1.2;70;229;19.1;42.5;1018.2;0"
"20210120;1.6;-1.5;4.4;0;60;165;9;24.5;1009.7;165"
"20210121;5.8;1;10.2;0.1;50;181;15.5;49.7;1001.8;120"
"20210122;6.4;2.1;12;5.6;0;190;15.8;37.1;995.1;257"
"20210123;0.4;-0.5;2.1;1.2;50;233;13.7;48.2;998;113"
"20210124;-1;-5.8;0.9;0.5;40;239;19.1;57.6;999.6;2"
"20210125;-2.2;-7.6;-0.3;2.6;30;221;7.2;29.2;1005.6;24"
"20210126;-0.9;-2.7;0.1;1;60;274;19.8;51.1;1018;12"
"20210127;-1.6;-5;0.4;0.8;40;225;10.1;26.6;1017.7;0"
"20210128;4;0.4;9.4;21.5;40;234;15.8;54.4;1006.7;0"
"20210129;7.1;4.9;9;9.2;0;255;22.7;65.5;1000;53"
"20210130;3;-1.4;6;6.5;0;279;17.6;50.8;1000.9;0"
"20210131;-1;-1.7;-0.2;0.2;10;110;13.7;27.4;1002.4;0"
"20210201;1.9;-0.4;5.6;4;0;164;10.1;28.1;997.2;0"
"20210202;6.6;3.9;9.3;9.7;0;233;14;38.9;1004.6;0"
"20210203;8.3;7.3;10.1;10.3;0;215;18.4;64.4;1003.6;0"
"20210204;5.6;3;8.4;2;0;267;14.8;62.6;1014.9;282"
"20210205;5.7;3.2;7.3;5.7;0;150;5.4;24.1;1013.8;6"
"20210206;4.8;3.6;5.5;0;0;85;12.6;30.6;1007.4;0"
"20210207;2.2;-1.3;3.9;15.9;0;101;10.4;27;998.6;0"
"20210208;-3.9;-7.2;-1.2;0.4;90;22;8.3;27;998.6;0"
"20210209;-6.1;-8.2;-3.4;0.2;60;357;6.8;20.2;1004.7;68"
"20210210;-8.6;-10.6;-7.4;1.7;40;29;13.7;35.3;1009.8;5"
"20210211;-11.1;-17;-3;0;70;327;3.6;13;1029.2;227"
"20210212;-10.2;-17.5;-6.5;0;70;78;14.4;34.6;1033.3;556"
"20210213;-9.4;-13.3;-5.1;0;70;80;15.5;31.7;1039.8;584"
"20210214;-8.3;-15.3;-1.4;0;80;90;7.6;24.1;1042.2;576"
"20210215;-4.7;-10;1.2;1.3;80;152;9.7;26.3;1034;73"
"20210216;2.8;0.5;5.5;0.4;70;185;6.8;23.8;1022.1;41"
"20210217;5.4;-0.1;8.7;0.3;0;248;11.2;40.7;1021.1;57"
"20210218;3.9;-2.2;8.6;0;0;152;9;31.3;1018.3;281"
"20210219;6.7;4.4;10.7;0;0;214;8.6;23.8;1020;305"
"20210220;7.9;2.9;13.8;0;0;153;7.9;27.7;1019.8;510"
"20210221;6.9;0.9;15;0;0;138;8.3;25.6;1019.8;606"
"20210222;4.1;1.1;10.5;0;0;137;8.3;24.5;1025.2;206"
"20210223;7.5;-0.7;18.7;0;0;234;2.5;12.6;1034.9;492"
"20210224;8.8;1.3;18.5;0;0;213;4.3;20.9;1034.5;519"
"20210225;8.5;1.1;18.4;0;0;225;3.6;17.6;1030.3;562"
"20210226;6.3;0.7;13.8;0.3;0;274;9;30.2;1031.1;317"
"20210227;2.1;-2;7.3;0;0;47;8.3;25.2;1037.9;473"
"20210228;1.8;-3.2;9.1;0;0;73;10.4;28.4;1036.1;630"
"20210301;4.1;-3.7;12.7;0;0;78;9.7;27.4;1033.1;638"
"20210302;4.7;-2.5;13;0;0;122;7.6;21.2;1033.1;634"
"20210303;3.9;-3;11.5;0;0;235;2.9;12.2;1030.4;2"
"20210304;7.7;3.7;13.3;4.3;0;248;10.4;51.8;1019.6;341"
"20210305;0.9;-5.7;5.1;0.1;0;14;11.2;33.5;1025;64"
"20210306;-1.3;-6.4;4.9;0;0;83;9.7;32.4;1032.4;659"
"20210307;-1.1;-8.8;6.2;0;0;28;4;15.1;1024.6;464"
"20210308;-0.5;-6.9;5.7;0;0;41;5.4;21.2;1022.4;350"
"20210309;0.2;-5.2;5.2;0;0;269;4;18.7;1019.8;181"
"20210310;3.5;1.3;7.6;0.1;0;249;9.4;32;1019.4;135"
"20210311;7.6;2.9;11.8;6.9;0;226;21.2;58;1007.7;12"
"20210312;5;0.5;8.6;2.5;0;251;22.7;67.3;1011.9;397"
"20210313;5;1.5;9.5;6;;237;26.9;66.7;1006.1;36"
"20210314;2.5;0.5;5.2;2;;265;20.5;46.3;1010.8;120"
"20210315;2.6;0.9;6.1;3.3;0;270;17.3;50;1013.4;106"
"20210316;2.4;-0.1;4.7;1.3;0;285;16.6;37.8;1021.7;76"
"20210317;1.1;-2.4;3.4;0.7;0;342;9.4;29.9;1023.1;100"
"20210318;-0.1;-3.6;3.8;2.4;0;270;5.4;32.4;1022.9;384"
"20210319;-0.6;-5;1.9;8.3;30;21;9;41.8;1020.6;217"
"20210320;-2.2;-6.4;0.2;0;40;350;9;27.7;1027.5;531"
"20210321;1.3;-1;3.4;0;20;273;11.9;36.4;1021.1;1"
"20210322;2.4;0.9;4.3;0;0;316;10.1;24.8;1022.8;0"
"20210323;3.5;0.8;5.9;0;0;278;5.8;20.5;1026.7;3"
"20210324;4.7;-3.7;13.2;0;0;184;4;22;1025.4;705"
"20210325;7.2;-2.7;16.5;0;0;264;6.5;28.4;1021.8;622"
"20210326;8.8;0.6;15.9;1.2;0;192;5.8;35.3;1020.1;479"
"20210327;7;3.8;9.7;0;0;259;20.9;61.9;1023.9;229"
"20210328;7.1;1.4;13.5;0;0;;8.6;31.7;1031;544"
"20210329;8.6;-0.3;18.2;0;0;247;5.8;31;1033;637"
"20210330;10.5;-0.8;21.7;0;0;203;3.6;19.8;1031.7;731"
"20210331;11.9;1.1;22.8;0;0;223;2.9;16.2;1024.4;730"
"20210401;13.2;3.5;21.5;0;0;281;8.3;35.3;1018.5;694"
"20210402;6.7;1.8;10.4;0;0;357;11.5;41.8;1020.2;610"
"20210403;3.8;-0.6;8.6;0;0;347;9.7;30.6;1023.9;303"
"20210404;4.2;-3.4;10.9;0;0;260;5;26.3;1022.1;671"
"20210405;2.6;-3.7;8.6;2.2;0;256;19.8;68.4;1010.8;22"
"20210406;-1.2;-4.2;2.5;0.7;10;263;19.4;58.3;1013.1;247"
"20210407;-0.8;-2.3;1.3;1.4;10;274;20.5;51.8;1018.3;52"
"20210408;1;-2.7;5.6;0;10;256;10.4;29.9;1025.4;233"
"20210409;5.9;-3.7;14.1;0;0;200;8.3;36.4;1017.9;644"
"20210410;9.8;4;14.2;0;0;202;11.2;36.4;1013.8;110"
"20210411;11.8;3.7;18.8;4.5;0;205;11.5;43.9;1010.5;354"
"20210412;2;-2.3;5;0.7;0;317;11.2;31.3;1025.6;74"
"20210413;1.3;-3.4;6.8;0;0;331;7.9;34.9;1030.6;527"
"20210414;0.4;-4.9;5;0.1;0;6;5.4;36;1029.3;310"
"20210415;0.7;-5.5;6.2;0;0;25;8.6;42.5;1027.7;458"
"20210416;1.6;-3.1;4.6;0;0;27;7.9;22.3;1025.6;3"
"20210417;3.4;0.2;7.5;0;0;25;8.3;26.6;1022.7;103"
"20210418;5.1;1.9;8.8;0.1;0;340;4;14.8;1020.7;26"
"20210419;5.2;1.6;8.6;14.9;0;227;4;18.7;1019.7;1"
"20210420;7.7;2.1;14.1;0;0;205;4.3;22.3;1017.2;427"
"20210421;9.2;3.7;15.7;1.9;0;196;5.8;25.2;1016.1;553"
"20210422;6.7;0.3;11.6;0;0;342;10.4;29.5;1022.1;728"
"20210423;6.3;-2.4;14;0;0;330;4.7;20.9;1026.7;825"
"20210424;8.3;-2;16.9;0;0;356;5.8;23.4;1023.4;823"
"20210425;7.6;1;13.3;0;0;32;11.2;34.2;1022.1;832"
"20210426;7;1;12.8;0;0;59;13;31;1017.1;829"
"20210427;8;0.9;15.1;0;0;76;12.6;35.3;1009;789"
"20210428;10.6;-0.1;18.2;1.1;0;114;7.9;32;1004.6;717"
"20210429;10.2;3.7;13.7;0.1;0;248;14;48.6;1006.7;240"
"20210430;5.1;1;9.8;5.2;0;2;6.8;27.7;1013.1;60"
"20210501;6.9;3.8;10.3;19.9;0;331;7.2;23;1012;6"
"20210502;5.9;-0.7;10.7;0.7;0;311;12.6;35.6;1016.5;180"
"20210503;5.8;-1.2;12.1;0;0;220;7.2;40.7;1021.2;420"
"20210504;8.8;2.7;15.8;8;0;219;19.8;72.7;1008.7;139"
"20210505;5.1;2;9.8;2.6;0;261;17.6;68.8;1009.3;341"
"20210506;5.8;2.7;8.2;8;0;222;13.3;45.7;1009.3;8"
"20210507;5.3;-1.4;9.7;1.1;0;292;15.8;67.7;1014.9;408"
"20210508;8.4;-2.4;16.5;0;0;178;8.6;29.5;1018.2;754"
"20210509;16.8;5.6;25.8;0;0;153;11.2;39.6;1009.5;816"
"20210510;16.4;11.7;22.2;0;0;243;10.8;40.3;1008;372"
"20210511;12.2;10.3;15.1;13.2;0;295;11.9;38.5;1008;4"
"20210512;9.6;5.4;11.4;7.4;0;283;11.2;31;1011.5;0"
"20210513;9.7;4.3;15.1;0.2;0;273;6.5;31.3;1008.3;240"
"20210514;11;5.7;16.4;0;0;260;10.8;30.6;1009;664"
"20210515;9.9;6.3;14;4.7;0;222;9.7;49.7;1008.1;279"
"20210516;10.6;6.5;16.3;2.2;0;237;14;37.4;1005.2;401"
"20210517;9.7;8;12.9;1.7;0;254;18;51.5;1008.1;281"
"20210518;8.8;5.1;13.4;12.5;0;253;12.6;50.4;1014.7;207"
"20210519;9.7;6.6;15.1;0;0;280;13.3;41.4;1017.6;473"
"20210520;9.8;5.5;15.1;0;0;257;10.1;32;1020.6;228"
"20210521;10.9;6.5;14.4;0;0;199;14.4;50.8;1011.2;41"
"20210522;11.4;6.8;16.7;0.1;0;243;17.3;54.7;1010.1;602"
"20210523;9.6;3.7;14.4;0.6;0;247;11.2;41;1017.1;264"
"20210524;10.5;2.7;15.6;1.4;0;146;9;40;1014;88"
"20210525;9.1;5.4;13.1;1.5;0;242;18.7;72;1018;451"
"20210526;8.9;6.5;12.1;5.9;0;230;16.9;43.9;1016.4;11"
"20210527;9.4;6.9;12.7;4;0;255;13;42.1;1019.5;123"
"20210528;10.4;7.5;14.4;0;0;323;5.8;19.4;1022.6;65"
"20210529;12;3.5;18;0;;25;7.9;25.9;1023.9;678"
"20210530;12;4;18;0;;47;10.1;31.5;1025.6;810"
"20210531;11.7;2.9;18.5;0;0;82;10.1;36.4;1021.9;909"
"20210601;13.9;3.6;21.8;0;;82;9;34.6;1017.7;918"
"20210602;15.9;4.8;24.1;0;;82;5.8;32.8;1016.7;880"
"20210603;17.4;7;25.9;0;;202;4.3;23.8;1020.7;565"
"20210604;17.8;13.2;25.9;4.6;;174;4;49;1020.8;342"
"20210605;17.6;13.1;23;8.8;;264;9.4;45;1019.8;426"
"20210606;16.1;14.9;19;18;;316;9;25.2;1019.8;14"
"20210607;17.3;13.6;21.6;0;;34;7.6;23;1019.7;236"
"20210608;16.4;13.2;22.9;8.6;;22;6.8;47.2;1020.5;229"
"20210609;16.5;10.9;22.5;5.1;;43;5;29.9;1020.7;305"
"20210610;16.8;9.5;23;0;;252;5.4;34.2;1020.4;672"
"20210611;18.4;10.4;24.6;0;;320;4.7;20.9;1019;890"
"20210612;18.6;11.5;24.3;0;;255;12.6;42.5;1019;649"
"20210613;14.7;8.3;20.2;0;;340;8.3;27.7;1025.3;914"
"20210614;16.6;7.2;24.7;0;;79;6.5;28.1;1021.7;936"
"20210615;18.9;8.3;26.9;0;;342;4;16.6;1018.2;880"
"20210616;21;11.6;29;0;;141;5.4;23;1014.9;896"
"20210617;22.4;11.8;30.8;0;;57;5;20.9;1013.5;912"
"20210618;22.7;12.1;31.7;0;;88;4;19.4;1013.2;849"
"20210619;24.1;16.7;31;1.6;;158;5.8;21.6;1013.1;594"
"20210620;21.6;15.4;25.9;34.1;;145;9;53.3;1009.3;168"
"20210621;20;14.4;25.9;6.6;;241;7.6;22.7;1008.3;733"
"20210622;17.9;12.7;22.3;2.1;;7;6.5;23.4;1012.4;396"
"20210623;19.3;16;23.9;12.2;;20;7.6;25.6;1016.4;394"
"20210624;17.7;13.5;23.3;0.5;;305;7.2;34.6;1016.9;523"
"20210625;16;12.9;19.1;1.2;;269;9.4;28.8;1018.3;121"
"20210626;17.7;10.8;23.5;0;;50;6.5;21.6;1018.1;606"
"20210627;19.8;11.6;25.8;0;;90;6.8;24.8;1015.3;685"
"20210628;21.9;15;29;10.2;;93;7.9;46.8;1013.7;603"
"20210629;16.6;12.8;23.8;18.3;;252;9.4;71.6;1012.9;342"
"20210630;14.3;11.9;17.6;8.4;;236;11.5;37.1;1013.5;238"
"20210701;13;11.6;15.1;1.1;;263;13.7;38.9;1016.3;8"
"20210702;15;9.1;20.1;0;;260;8.3;32.4;1018.1;436"
"20210703;17.5;7.9;24.5;0.2;;231;3.6;22.7;1015.8;731"
"20210704;17.9;13.5;22.9;6.3;;213;9.4;40;1011.5;379"
"20210705;15.6;11.2;19.3;2.7;;204;6.8;33.1;1012.5;160"
"20210706;18;12.5;26.1;5.8;;192;10.1;51.8;1011.6;488"
"20210707;16;13.5;19.3;1.7;;161;4.7;18;1018;111"
"20210708;16.8;14.6;20.5;55.8;;23;5.4;29.5;1019;37"
"20210709;14.8;10.8;17.7;20.8;;289;13;36.4;1019.7;42"
"20210710;16.5;9.2;23.6;14.9;;121;6.5;25.6;1017.6;655"
"20210711;16;10.9;20.3;0.1;;257;7.9;30.2;1016.7;237"
"20210712;18.3;9;24.5;0;;99;7.9;29.2;1011.4;812"
"20210713;16;12.1;19.9;2.3;;304;8.6;46.4;1009.2;40"
"20210714;15.4;12.1;20.2;1;;233;6.8;31.7;1011.7;212"
"20210715;15.2;11.7;18.9;3.3;;156;5.4;17.6;1013.3;242"
"20210716;18.6;14;24.8;0.5;;13;6.8;29.2;1017.8;512"
"20210717;17.8;15.4;20.8;3.4;;334;9.7;28.4;1020.4;44"
"20210718;19.4;12.9;25;0;;356;10.1;31;1019.3;876"
"20210719;19.3;12.2;25.3;0;;352;7.2;31;1017.9;702"
"20210720;16.9;10.3;22.9;0;;351;5.8;23;1018.9;736"
"20210721;16.9;9;24;0;;5;5;20.2;1021.5;866"
"20210722;17.7;9.4;25.3;0;;0;4.7;22;1019.9;755"
"20210723;19.3;11.1;26.8;0;;64;4.3;18;1015.2;729"
"20210724;19;12;25.5;0.1;;123;6.8;29.9;1010.8;309"
"20210725;18.7;13.3;23.4;0;;206;5.8;18.7;1010.5;282"
"20210726;17.7;12.6;24.5;2.6;;192;4.7;43.6;1012.9;189"
"20210727;18.8;11;24.1;0;;198;5.8;25.2;1014;553"
"20210728;17.8;13.7;22.4;0.3;;256;8.6;27.7;1014.3;240"
"20210729;16.8;9.8;22.5;0;;239;9;38.9;1014.5;641"
"20210730;18.6;8.3;26.6;0;;253;7.2;37.8;1010.8;704"
"20210731;17.6;12.3;22.1;11.7;;267;11.9;38.2;1011;697"
"20210801;14.7;12.9;19.8;3.4;;254;7.6;39.6;1010.8;157"
"20210802;14.8;9.8;20.7;0;;249;8.6;39.2;1015;359"
"20210803;14.6;8.2;19.5;9;;209;7.2;45;1014.7;373"
"20210804;15.6;12.9;19.3;0;;206;6.5;20.9;1013.5;162"
"20210805;16.6;13;22;8;;244;6.5;29.2;1009.8;377"
"20210806;15.8;10.9;20.7;3.4;;220;9.7;37.8;1008.3;308"
"20210807;14.6;10.2;20.9;9.1;;184;6.8;25.6;1007.9;205"
"20210808;14.7;8.6;20.3;0.8;;230;9.7;44.3;1014.4;628"
"20210809;15.7;6.9;22.9;0;;248;5.4;26.6;1019.3;691"
"20210810;16.7;9.3;23.2;0;;257;6.8;31.3;1018.6;583"
"20210811;18.5;11.4;25.9;0;;303;5;25.2;1019.6;470"
"20210812;19.9;10.7;28.3;0;;94;3.6;18;1019.9;752"
"20210813;21.1;14.1;28;0.2;;261;7.2;29.9;1021;623"
"20210814;21.2;12.5;28.3;0;;240;5.4;23;1020.2;816"
"20210815;20.8;12.9;29.2;0.2;;216;4.7;40.3;1014.3;503"
"20210816;17.3;10.3;20.7;9;;258;16.2;49;1013.3;260"
"20210817;12.1;8.7;16.5;1.8;;270;11.9;41.4;1019.8;223"
"20210818;14.2;11.4;18.4;0;;253;11.2;28.8;1017.9;79"
"20210819;16.2;14;19.4;1.4;;250;9.4;29.5;1016.4;62"
"20210820;17.2;11.5;22.9;0;;233;6.1;27.7;1017.4;496"
"20210821;18.4;10.2;26.8;8.4;;119;4.7;22;1017.9;653"
"20210822;16;12.7;18.8;5.7;;238;9.4;68;1018.2;33"
"20210823;15;10.1;19.6;1.4;;293;12.2;35.6;1020.9;145"
"20210824;13.1;8;18.7;0;;28;9.7;33.1;1024.3;152"
"20210825;14;9.3;19.9;0.6;;63;7.9;28.1;1020.3;679"
"20210826;13.2;10.4;17.3;10.2;;269;11.2;34.6;1013.1;240"
"20210827;12.6;10.2;16.3;1.1;;286;12.6;40.3;1015.2;229"
"20210828;12.3;9.7;17;4;;305;9;34.9;1017;132"
"20210829;12.7;10.3;14.8;6.5;;264;9;26.6;1015.9;0"
"20210830;14.1;11.8;18.5;11.4;;335;11.2;37.1;1015.3;146"
"20210831;14.3;8.9;19.1;0;;340;9.7;29.2;1021.7;300"
"20210901;12.9;6.1;19.8;0;;76;5;24.5;1026.4;594"
"20210902;14.2;6.4;21.5;0;;88;9.4;29.9;1025.3;720"
"20210903;15;7.4;22.7;0;;89;6.8;32;1020.4;744"
"20210904;15.4;7.3;23.3;0;;106;4;21.6;1017.6;700"
"20210905;15.9;7.4;24.3;0;;116;3.6;18.4;1020.4;582"
"20210906;15.9;7.3;25;0;;99;3.6;18;1023.6;642"
"20210907;16.3;8.7;24.8;0;;195;2.9;15.1;1023.1;557"
"20210908;16.2;8.5;24.1;0;;82;7.9;27.4;1017.6;746"
"20210909;18;9.7;26.1;0;;220;5.8;23;1013.8;615"
"20210910;18.5;12;24.8;0.1;;224;6.1;23.8;1015.6;597"
"20210911;17.1;15;21.9;1.4;;240;5;15.8;1018.3;177"
"20210912;15.8;9.9;21.8;0;;261;4.7;22;1018.4;498"
"20210913;15.6;8;23.1;0;;122;4.3;18.4;1017.9;549"
"20210914;18.2;11.2;26.1;0.1;;113;5.8;22.3;1015.4;546"
"20210915;17.8;15.6;20.4;1;;229;6.5;41;1014;18"
"20210916;14.3;8.4;16.8;1.8;;276;8.3;25.9;1016.1;0"
"20210917;13.1;7.6;18.8;0;;292;4.3;19.4;1016.8;206"
"20210918;12.5;5.3;20.1;0;;335;5.8;23.4;1016.5;540"
"20210919;11.9;7;17;0;;63;9.4;23.4;1015;150"
"20210920;11.3;9;14.9;0;;64;6.5;16.6;1020.1;30"
"20210921;9.9;4.1;15.3;0;;24;5;20.2;1028.1;237"
"20210922;9.2;2.6;16.5;0;;338;4.3;19.8;1028.9;450"
"20210923;12.7;2.7;21;0;;244;7.9;29.5;1020.9;708"
"20210924;13.6;7.4;19.6;0;;252;7.9;28.4;1018.6;515"
"20210925;14.8;5;24.5;0;;178;3.6;15.1;1017.8;668"
"20210926;17.4;13;22.9;4.9;;234;6.1;29.2;1017.5;209"
"20210927;16;12.2;20.9;0.2;;213;4.7;24.1;1018.6;295"
"20210928;12.3;8.4;16.4;0.5;;343;7.6;33.5;1022.7;261"
"20210929;11.8;7.3;17.6;2.9;;252;11.2;54.4;1021.3;298"
"20210930;8.2;3.5;14;0;;233;5.8;29.9;1028.6;443"
"20211001;10.6;2.4;18.4;0;0;153;6.5;27.7;1021.3;638"
"20211002;14;7.6;20.2;0;0;176;8.6;32;1014.1;498"
"20211003;16;12.8;20.6;0;0;165;12.6;37.1;1009;36"
"20211004;11.6;9.7;13.7;1.3;0;319;7.9;26.6;1018.3;7"
"20211005;11.1;9.7;13.5;2.7;0;273;8.3;32;1012.2;43"
"20211006;9.3;7.5;12.9;1.5;0;240;10.4;34.2;1020.4;197"
"20211007;9.5;7.6;12.9;0;0;76;5.8;19.8;1027.5;51"
"20211008;9.4;5.9;15.2;0;0;60;11.5;28.8;1028.4;155"
"20211009;8.3;2.1;14.9;0;0;79;13.3;34.9;1028.1;599"
"20211010;5.1;-0.8;12.9;0;0;66;4.3;22.3;1028;631"
"20211011;5.6;-2.7;12.6;0.3;0;271;6.8;27;1026.4;426"
"20211012;7.9;5.9;10.1;5.6;0;278;11.5;32;1020.4;21"
"20211013;5.8;3.6;9.3;0.3;0;298;7.9;35.3;1025.2;154"
"20211014;6.8;3.3;10.3;0.6;0;229;7.2;29.2;1026.5;2"
"20211015;7.6;1.6;13.5;0.4;0;255;6.1;31;1020.2;424"
"20211016;6.8;0.4;13.5;0;0;56;4;14;1022.1;351"
"20211017;6.7;-1.4;14.4;0;0;103;3.6;14.8;1021.9;421"
"20211018;6.7;2.9;8.3;0;0;182;6.5;21.6;1026.2;0"
"20211019;8.4;3;14.2;0.8;0;188;6.1;22;1024.5;15"
"20211020;12.5;3.3;19.7;12.7;0;203;9;43.2;1013.5;406"
"20211021;10.8;5;13.9;2.3;0;243;22.3;78.8;1008.5;188"
"20211022;6;2.3;9;0;0;269;14;45.7;1020.5;346"
"20211023;5.4;-1.7;10.2;0;0;290;5.8;23.4;1029.1;262"
"20211024;4.5;-1.6;12.9;0;0;110;7.6;22.7;1027.6;594"
"20211025;5.3;-2.2;14.3;0;0;185;3.2;14.4;1023.1;416"
"20211026;7.5;2.1;12.9;0;0;241;6.1;26.3;1024.8;119"
"20211027;6.3;0.1;14.3;0;0;163;3.6;15.5;1027.2;537"
"20211028;5.8;3.5;9.5;0;0;137;7.9;26.3;1022;100"
"20211029;3.7;2;5.4;0;0;133;7.9;19.1;1016.3;0"
"20211030;5.2;2.5;8.2;0.6;0;148;8.6;24.5;1011.3;64"
"20211031;10.8;5.1;18;0.4;0;161;6.8;24.8;1008.9;541"
"20211101;7.9;4.2;12.2;3.7;0;202;8.6;38.2;1005.4;7"
"20211102;5.5;1.1;10.1;2.2;0;205;7.6;33.8;1004.1;216"
"20211103;5.1;1.1;7.7;6.6;0;103;5;17.3;1002.3;26"
"20211104;4.7;3.4;5.5;6.5;0;247;13.3;37.4;1007;0"
"20211105;4.5;1.4;7.1;0;0;248;7.6;20.5;1023.5;1"
"20211106;2.1;-0.6;7.5;0;0;199;3.6;15.5;1030.7;173"
"20211107;3.7;-0.3;6.8;0;0;230;13.3;40.7;1021.9;101"
"20211108;4.3;0.5;7.3;0;0;265;5;18.4;1024.4;2"
"20211109;3.8;-0.6;9.1;0;0;82;10.1;33.8;1028.1;525"
"20211110;1.8;-2.6;8.6;0;0;93;3.2;16.6;1026.3;207"
"20211111;2.2;-2.9;10.8;0;0;352;2.9;13.3;1025.1;433"
"20211112;0.9;-1.5;2.9;0;0;143;7.2;19.1;1021.6;0"
"20211113;3.3;0;5.9;1;0;167;6.1;19.4;1017.7;0"
"20211114;6.5;5.5;8.4;0;0;81;10.8;33.5;1020.4;15"
"20211115;5.2;4.4;6.1;0;0;77;11.5;28.8;1023.5;0"
"20211116;4.3;3.3;4.8;0.1;0;145;5;13.7;1022.4;0"
"20211117;3.4;2.9;3.9;1.5;0;253;9;33.1;1024.3;0"
"20211118;4.7;3.8;6.1;0;0;258;9;29.2;1031.3;0"
"20211119;4.5;3.9;5.5;0.2;0;261;9.7;26.3;1032.4;0"
"20211120;5.2;2.6;7.3;0;0;193;6.8;20.5;1026.1;0"
"20211121;2.1;1.8;2.6;1.1;0;252;7.6;26.3;1014.7;0"
"20211122;3;-1.6;4.5;0.8;0;24;11.2;31;1021.8;0"
"20211123;-0.9;-4.1;4.6;0;0;59;6.8;18.4;1030.2;501"
"20211124;0.8;-3.1;4.9;0;0;107;12.2;29.5;1022.8;384"
"20211125;-1.2;-2.1;-0.3;0;0;268;7.2;22.3;1012.4;0"
"20211126;-0.2;-1.1;0.8;0.1;0;245;9;24.8;1002;0"
"20211127;0.4;-3.6;4;0.9;0;185;9;26.3;993.8;73"
"20211128;-0.9;-2.7;0.6;0.3;0;212;2.9;14;998.5;0"
"20211129;-0.3;-1.1;0.4;2.4;0;284;13;38.9;1008;20"
"20211130;0.7;-0.5;2.5;5.4;20;255;25.6;59.8;1012.8;0"
"20211201;5.1;1.9;7.8;2.8;0;238;23;51.8;1002.5;24"
"20211202;1.9;-0.4;4;4.9;0;273;14;42.5;1002.8;7"
"20211203;-0.5;-1.5;0.8;0.8;10;241;13;32.8;1013.9;115"
"20211204;2.7;-0.6;7.1;9.9;10;182;11.9;48.6;1001.1;0"
"20211205;1.6;-0.2;4.3;0.5;0;223;7.6;36;1006.3;168"
"20211206;0;-2.7;2.2;1.5;0;254;5.4;18.7;1014.6;1"
"20211207;0.4;-1.4;2.6;0.6;10;200;13.7;41.4;1011.7;1"
"20211208;-0.2;-1.2;0.3;13.5;0;158;7.2;32;1003.4;0"
"20211209;0.9;-0.3;1.9;0;60;279;10.1;33.1;1006.8;4"
"20211210;-0.6;-2.3;1.4;3.9;10;167;10.8;31;999.4;60"
"20211211;0.5;-0.8;1.2;0;40;268;11.5;27.7;1016;0"
"20211212;1.6;0.1;3;0.9;20;231;9.7;22.7;1028.3;121"
"20211213;4.2;2.9;5.9;0.3;0;232;5.8;19.1;1029.8;0"
"20211214;3;1.5;4.1;0.3;0;224;5.4;16.9;1029.9;0"
"20211215;4;3.2;5.1;0;0;175;3.2;12.6;1033.7;0"
"20211216;3.8;2.8;5.3;0;0;232;4.3;13;1037.8;0"
"20211217;1.6;-2.2;4.9;0;0;38;5.4;23.4;1039.8;57"
"20211218;1.2;0.1;2.2;0;0;95;5;16.9;1038.4;0"
"20211219;0.9;-0.1;2.2;0;0;284;12.6;35.6;1030.2;0"
"20211220;0.2;-5.7;3.6;0;0;5;5.8;19.8;1027.1;397"
"20211221;-3.8;-7.5;0.5;0;0;77;6.8;16.9;1027.1;466"
"20211222;-5.3;-9.7;-1;0;0;102;6.5;27.7;1027.5;410"
"20211223;-0.5;-6.1;6.7;0.1;0;185;10.4;33.8;1016.7;1"
"20211224;6.3;5.3;8;15;0;244;13.7;42.5;1007.4;0"
"20211225;3.4;-0.5;6.2;5.9;0;84;8.6;25.6;1006.7;0"
"20211226;1.1;-0.5;2.2;1.1;0;127;10.1;24.8;1009.1;0"
"20211227;3.2;2;4.8;2.8;0;154;9;22.7;1005.5;0"
"20211228;5.7;2.8;8.8;19.7;0;198;15.8;66.6;1001;1"
"20211229;7.1;6.2;11;8.5;0;249;16.6;52.2;1009.2;8"
"20211230;11.4;10.2;12.6;3.3;0;266;18;43.2;1019.4;0"
"20211231;10.1;8.5;13;0.1;0;237;11.2;35.3;1023.7;403"
"20220101;7.8;2.5;11.1;0;0;230;6.8;25.6;1027.6;146"
"20220102;6.2;0.8;11.2;2;0;216;10.1;57.2;1020.5;80"
"20220103;8;5.3;10.6;4.9;0;250;18.7;65.9;1015.4;0"
"20220104;6.5;1.2;10.6;22.2;0;240;17.3;57.2;1000.8;0"
"20220105;1.2;-0.1;3.8;0.4;0;255;21.2;50;1008.1;121"
"20220106;0.3;-3.3;3.2;0;0;262;10.8;31.7;1019.6;44"
"20220107;-1.7;-5;0.6;1.5;0;197;10.1;28.8;1019.2;6"
"20220108;-0.3;-1.4;0.5;3.4;30;206;14.4;48.2;1011.4;110"
"20220109;0.9;-1;2.5;1.1;40;229;15.5;50;1003.4;7"
"20220110;0.6;-1;3.1;0;0;307;4.7;17.3;1021.4;258"
"20220111;0.5;-1.9;2.4;0;0;65;6.1;18;1033.9;0"
"20220112;-2.6;-4.8;-0.1;0;0;119;4.7;17.3;1040.2;198"
"20220113;-2.4;-5.7;1.1;0;0;174;3.6;14.4;1042.3;127"
"20220114;-0.6;-5.2;6.8;0;0;225;4;18.7;1036.5;496"
"20220115;-1.2;-4.5;0.6;0;0;114;7.9;19.4;1030.6;0"
"20220116;-1.1;-2.1;0.8;0.4;0;243;14;44.3;1028.4;0"
"20220117;1.1;0;2.1;0.8;0;269;17.6;41.8;1033.6;0"
"20220118;1.9;-0.3;3.5;0.1;0;281;6.1;22.7;1037.9;62"
"20220119;0.1;-3.8;2.9;1.1;0;221;12.6;44.3;1028.4;144"
"20220120;0.4;-1.3;2;0.4;0;280;19.1;51.5;1025.7;10"
"20220121;-0.9;-2.9;0.1;0.9;0;283;16.2;36.7;1032.4;32"
"20220122;0.8;-0.2;1.7;0.9;0;278;17.6;39.6;1033.1;0"
"20220123;1.8;0.9;3.5;0;0;305;5.4;16.2;1035.8;2"
"20220124;0.7;-3.6;2.9;0;0;103;8.6;23.4;1035.4;7"
"20220125;-1.6;-4;-0.4;0;0;213;5;17.6;1034.4;0"
"20220126;-2.1;-3;-1.3;0;0;280;12.2;30.2;1033.2;0"
"20220127;-1.6;-3.7;1.1;0.7;0;264;18;46.8;1029;0"
"20220128;1.5;0.6;3;0.3;0;280;18.7;49.3;1033.2;75"
"20220129;2.5;0.3;5.4;3.9;0;256;20.5;54.7;1029;0"
"20220130;3.2;0;5.3;0;0;280;20.9;58;1026.7;141"
"20220131;0.9;-0.4;2.2;9.5;0;259;20.2;49.7;1013.1;0"
"20220201;1;0;3.6;2;0;276;23;55.8;1017.4;2"
"20220202;3.7;1.2;5.5;2.9;0;286;19.8;56.2;1018.7;59"
"20220203;5.1;2.7;7.2;0.2;0;210;7.6;25.9;1019.7;0"
"20220204;4.4;2.4;5.4;2.6;0;257;16.2;55.8;1015.4;15"
"20220205;1.9;-0.3;5;0;0;259;16.2;44.6;1023.5;225"
"20220206;3.3;0.7;5.7;18.8;0;240;27.7;74.5;1013.1;0"
"20220207;1.5;0.4;3.2;0.1;0;277;22;54.7;1021.4;49"
"20220208;3.1;0.3;5;0.4;0;256;14;37.4;1032.2;0"
"20220209;5.5;-0.8;11.3;0;0;237;8.3;31;1029.2;359"
"20220210;3.1;-2.5;8.4;0.5;0;254;12.2;46.4;1024;220"
"20220211;1.6;-2.4;4.2;0.4;0;268;15.1;42.5;1029.2;171"
"20220212;-1;-6.3;5.4;0;0;118;7.9;33.1;1031.6;510"
"20220213;1.3;-5.6;8.9;0;0;170;7.6;26.6;1020.3;570"
"20220214;4.7;-0.9;10.5;0.5;0;173;8.3;27;1009.9;154"
"20220215;4;2;6;0;0;234;10.8;35.6;1014.7;49"
"20220216;6;1.5;10;7.5;0;220;23.4;59.8;1008.3;1"
"20220217;8.3;5.8;10.9;2.5;0;266;32.4;85.7;1007.5;209"
"20220218;8.4;4.7;13.8;1.6;0;241;21.2;97.6;1008.8;40"
"20220219;4.3;1.3;6.9;1.4;0;257;23.4;71.3;1017;443"
"20220220;5.6;0.4;8.2;2;0;242;27.4;66.6;1014.8;14"
"20220221;4.2;1.6;8.6;3.3;0;257;30.6;92.9;1006.6;144"
"20220222;4.1;2.1;6.9;2.8;0;268;22.3;47.2;1020.3;126"
"20220223;4.6;-2;9.6;0;0;240;9.7;65.2;1026.3;520"
"20220224;5;-1.3;12.4;1;0;209;13;80.6;1017.5;320"
"20220225;1.4;-1.1;5.4;1.2;0;264;16.6;55.4;1025.4;171"
"20220226;1.1;-1;4;0;0;342;7.9;21.2;1034.1;70"
"20220227;0.7;-2.7;5.8;0;0;86;14.8;36.7;1033.7;578"
"20220228;0.8;-5;6.9;0;0;86;10.8;23.8;1033.1;632"
"20220301;-0.8;-6.3;6;0;0;103;10.1;34.2;1031.1;607"
"20220302;-1.1;-6.5;4.9;0;0;72;5;15.8;1025.3;68"
"20220303;0.4;-7.2;8.3;0;0;51;6.5;25.9;1019.9;622"
"20220304;0.2;-5.8;6.1;0;0;68;10.8;25.6;1021.2;572"
"20220305;-0.7;-6.9;4.7;0;0;87;11.5;43.6;1022.5;443"
"20220306;-0.4;-3.1;2.5;0;0;58;11.9;29.9;1023.3;160"
"20220307;-1.6;-4.4;2.4;0;0;78;13.3;34.2;1025.9;557"
"20220308;0;-6.6;7.1;0;0;99;13.7;42.1;1024.7;656"
"20220309;1.5;-6.8;11.3;0;0;105;6.1;24.5;1025.9;667"
"20220310;3.4;-6.3;12.2;0;0;92;10.8;36.4;1026.3;669"
"20220311;3.3;-2.8;10.3;0;0;118;17.3;39.2;1021.6;646"
"20220312;3.2;-2.7;10.2;0;0;96;9.7;24.5;1021.4;604"
"20220313;4.8;-4.2;14.2;0;0;100;10.1;27.7;1018.2;674"
"20220314;5.3;-0.8;11.6;0.1;0;299;11.9;52.6;1027.5;334"
"20220315;5.4;-0.2;9.3;4.5;0;126;8.6;34.6;1026.1;0"
"20220316;6.8;3.5;12.2;0;0;99;11.9;33.8;1025.9;365"
"20220317;6.5;3.8;8.7;0.4;0;94;8.6;24.1;1028.2;0"
"20220318;6.3;2.7;10;0;0;44;18;42.5;1038.4;237"
"20220319;3.5;1;9.5;0.6;0;61;16.6;56.2;1037;349"
"20220320;6.5;0.5;13.8;0;0;114;13.3;32.8;1031.2;665"
"20220321;4.6;-3;12.8;0;0;92;7.2;22;1033.7;649"
"20220322;5.7;-3.1;15.3;0;0;77;6.5;22.7;1032.5;713"
"20220323;7;-3.9;17.8;0;0;356;3.2;18.4;1030.6;713"
"20220324;7.8;-2.5;17.8;0;0;289;4;20.5;1028.4;706"
"20220325;8.1;-2.2;16.5;0;0;29;8.3;31.7;1027.8;694"
"20220326;7.7;-0.8;16.4;0;0;43;6.8;31.7;1029.6;706"
"20220327;8.8;-0.8;17.7;0;0;;6.5;26.3;1029.1;720"
"20220328;9.7;-0.2;19.1;0;0;257;6.5;31.3;1022.2;659"
"20220329;9.1;0.8;15.5;0;0;285;6.1;26.3;1010.6;383"
"20220330;6.7;2.8;9.3;3;0;336;7.2;20.5;1002.2;0"
"20220331;4.8;2.7;7.7;9.9;0;47;9;21.6;997.1;0"
"20220401;0.1;-1.4;3.7;16.1;20;4;12.6;31;1000.6;0"
"20220402;-1.7;-2.4;-1;3.4;160;24;16.6;37.8;1011.8;0"
"20220403;-2.1;-6.2;1.4;0;170;345;7.9;21.6;1021.7;674"
"20220404;-0.2;-7.9;4.5;0.1;100;222;15.8;55.8;1017.3;554"
"20220405;4.6;2.1;7.2;2.3;30;244;21.2;46.4;1010.8;0"
"20220406;9.3;6.5;13.9;0.6;0;251;16.9;42.5;1006.2;292"
"20220407;9.2;6.9;12.3;8.8;0;238;28.4;79.6;996.8;47"
"20220408;4.9;0;7.2;30.7;0;246;14.8;54.4;999.3;59"
"20220409;2.3;-0.1;7.6;0.6;20;299;17.6;59;1011.9;389"
"20220410;1.9;-2.6;6.9;0.1;0;265;11.2;34.9;1021.8;360"
"20220411;4.7;-3.6;12.9;0;0;114;7.9;29.9;1019.6;699"
"20220412;9.7;-0.1;18.7;0;0;108;7.6;26.3;1015.2;573"
"20220413;12.7;4.1;21.1;0;0;84;5.8;22.7;1015.9;735"
"20220414;12.3;3.2;19.6;3.1;0;319;6.8;32.8;1019.2;569"
"20220415;11.1;3.8;17.2;0;0;320;10.1;33.8;1024.2;599"
"20220416;6.9;0.6;11.7;0;0;51;12.2;33.8;1030;477"
"20220417;5.9;-0.6;13.2;0;0;81;11.9;33.1;1027.5;780"
"20220418;6.9;-2.1;13.9;0;0;82;7.2;31;1019;780"
"20220419;7.6;-1.1;14.7;0;0;13;9.4;33.8;1013.7;750"
"20220420;6.7;-1.7;13.3;0;0;73;11.5;32.8;1014.7;805"
"20220421;7.8;0.9;13.6;0;0;67;11.2;30.2;1010.2;272"
"20220422;9.6;3.8;17.1;0;0;62;15.5;36.4;1003.5;642"
"20220423;9.5;6.9;12.9;1.4;0;90;16.9;46.8;1003.4;1"
"20220424;7.1;5.4;9.2;16.8;0;234;14;43.6;1001.2;42"
"20220425;8.3;4.9;13.1;3.4;0;349;6.5;32.4;1010.3;158"
"20220426;7.5;5.1;11.3;2.7;0;299;7.9;29.9;1015.4;84"
"20220427;8.4;2.2;14.2;0;0;47;6.8;23.8;1023.6;180"
"20220428;9.2;-0.3;16.6;0;0;59;5.4;27.4;1027.9;744"
"20220429;10.5;0.7;17.7;0;0;81;6.1;30.2;1025.8;634"
"20220430;9.1;6.2;14;6.9;0;319;5.8;24.8;1022;116"
"20220501;9.5;5.3;14.1;0;0;316;4.7;18.7;1021;40"
"20220502;11.2;3.3;18.1;0;0;70;6.1;24.1;1016.7;436"
"20220503;12.2;3.9;18.8;0;0;68;5.8;29.5;1015.3;543"
"20220504;11.5;6.1;18.5;1.4;0;84;5;34.9;1016.7;334"
"20220505;12.1;6.3;16.9;0.1;0;314;6.5;28.4;1020.1;235"
"20220506;12.1;7.9;15.4;0;0;32;8.3;27;1023;73"
"20220507;12.5;3.5;19;0;0;54;6.5;37.4;1022.3;754"
"20220508;13.3;4.6;19.8;0;0;79;7.9;30.6;1023.2;597"
"20220509;15.2;7.2;21.6;0;0;72;7.9;27.4;1024.1;708"
"20220510;15.8;5.6;23;0;0;169;4.7;23.4;1020.4;650"
"20220511;18.6;9.8;25.5;0;0;226;9.7;50.8;1015;751"
"20220512;17.5;13.3;22.2;0.2;0;261;13;42.1;1017.6;481"
"20220513;15.3;5.4;20.4;0.1;0;267;11.5;41;1020;562"
"20220514;13.5;3.4;21.7;0;0;283;5.8;25.2;1021.2;858"
"20220515;15.8;4.5;24.2;0;0;62;6.5;28.4;1018.5;869"
"20220516;15.1;7.6;22.2;1.8;0;239;7.9;41.8;1018.6;210"
"20220517;16.6;9.2;22.6;0;0;329;6.8;25.6;1021.3;762"
"20220518;17.9;9.1;25.4;0;0;120;8.3;26.3;1022.7;792"
"20220519;19.4;10.2;28.7;4.6;0;164;9.7;57.2;1020.9;780"
"20220520;20.4;13.5;29.2;7.1;0;211;9;79.2;1018.7;607"
"20220521;14.2;6.5;18.4;0;0;295;14;39.6;1021.4;627"
"20220522;15;4.9;22.1;0.8;0;100;5;18.4;1015.2;675"
"20220523;15.7;10.5;20.9;5.3;0;135;12.6;40;1006;177"
"20220524;14.5;10.5;18.1;3.3;0;244;10.4;43.2;1008.9;225"
"20220525;14;7.5;19.6;0;0;264;6.8;31.7;1017;553"
"20220526;13.5;8.1;17.5;0;0;251;12.2;37.8;1022.9;253"
"20220527;13.1;9.1;16.3;0.1;0;256;15.1;46.1;1021.1;242"
"20220528;10.1;3.4;15.7;0;0;307;10.4;35.6;1019.3;558"
"20220529;7.7;0.9;11.9;0;0;35;7.2;25.6;1013.5;234"
"20220530;9.1;-1;17.3;0;0;3;5;22.3;1012.7;601"
"20220531;12.9;1.6;21.4;0;0;101;8.6;31.7;1013;611"
"20220601;14.9;7;21.6;0;0;256;9.4;36;1015;679"
"20220602;15.1;5.7;21.1;0;0;40;7.9;24.1;1019.3;873"
"20220603;18.4;8.4;27.2;0.8;0;106;8.3;24.8;1016.1;512"
"20220604;17.4;9.9;23.7;3.7;0;12;6.5;22;1017.9;543"
"20220605;15.9;13.1;21.3;11.1;0;124;11.2;43.6;1016.3;60"
"20220606;16.4;11.3;21.5;0;0;246;7.6;31.7;1017.2;273"
"20220607;16;12.5;21;1.4;0;257;8.3;32.4;1015.2;232"
"20220608;15.7;10;21.2;3.5;0;225;8.6;46.8;1010.8;531"
"20220609;13.8;8.8;17.7;0;0;292;13;37.1;1015.5;369"
"20220610;14.8;6;22.5;0;0;246;4.7;20.5;1023.5;734"
"20220611;17.3;7.1;25.3;0;0;251;5.4;28.1;1023;805"
"20220612;19.9;8.4;27.5;3.4;0;288;6.1;32.4;1020;821"
"20220613;16.2;7.7;21.6;0;0;305;11.2;54.4;1020;601"
"20220614;15.8;6.2;24.3;0;0;104;4.7;30.2;1021;848"
"20220615;19.8;8.5;28.8;0;0;64;7.2;27.4;1016.7;925"
"20220616;20.1;10.3;27.6;0;0;292;9.4;36;1017.8;718"
"20220617;18.8;8.6;26.8;0;0;346;5;32;1023.6;873"
"20220618;22.9;9.7;32.8;0;0;209;5.4;21.6;1018.2;854"
"20220619;26.3;17.2;34.1;0;0;218;11.2;41;1008.5;876"
"20220620;18.1;6.2;25.9;0.8;0;296;12.6;52.9;1012.2;334"
"20220621;16.7;3.8;25.5;0;0;122;7.2;28.1;1013.8;883"
"20220622;18.9;12.6;24.3;2.3;0;213;4.7;27.7;1011.3;126"
"20220623;21.5;14;28.3;1;0;145;9;35.6;1011.6;717"
"20220624;18.8;14.3;25.2;0.9;0;215;9.7;45.4;1010;183"
"20220625;19.1;11.8;26.1;0;0;216;6.8;27.4;1013.4;719"
"20220626;22;10.4;29.8;5.4;0;122;6.8;41.8;1013.1;871"
"20220627;18.6;15.1;22.5;0.2;0;291;14;53.3;1016.3;346"
"20220628;18.6;11.6;24.7;0;0;44;8.3;28.1;1019.2;549"
"20220629;20.1;15.7;26.3;0;0;120;6.1;28.8;1013.2;168"
"20220630;22.2;12.9;30.7;9.9;0;161;6.8;40;1011;684"
"20220701;13.4;9.7;17.5;6.1;0;265;10.4;47.5;1020.2;249"
"20220702;16.4;6.5;24.1;0;0;128;8.6;36.7;1022.2;929"
"20220703;20.5;9.3;28.3;0.7;0;281;6.8;30.6;1017.7;929"
"20220704;19.7;13.4;25.9;0;0;291;7.6;28.1;1018.1;598"
"20220705;18.8;9.3;26.1;0;0;289;7.2;38.9;1019.8;818"
"20220706;17;10.4;23.4;0;0;299;11.2;35.3;1022.2;668"
"20220707;14.7;10.9;17.9;4.9;0;273;12.6;42.1;1022.5;86"
"20220708;14.4;8.9;20.7;0;0;317;8.6;27.4;1028.9;681"
"20220709;17.2;9;23.2;0.3;0;271;9;36.4;1025.2;328"
"20220710;14.6;10.4;19;0;0;326;11.5;33.8;1023.5;433"
"20220711;16;11.7;20.5;0.1;0;326;7.6;28.1;1022.9;67"
"20220712;18;9.2;25.7;0;0;350;5.8;26.6;1024.1;824"
"20220713;21;9.2;30.2;0;0;234;5;27;1021.4;496"
"20220714;22.9;12.6;31.7;0;0;264;13;50.8;1016.6;645"
"20220715;17.2;8.2;23.7;0;0;356;7.6;39.6;1020.1;797"
"20220716;16.7;6.7;24.5;0;0;320;8.3;38.5;1022.4;850"
"20220717;18.6;7.7;27.3;0;0;37;5.8;29.5;1025;898"
"20220718;21.6;8.2;31.6;0;0;353;4.7;22;1022.7;887"
"20220719;24.4;11.7;33.8;0;0;96;9.7;33.5;1018.6;888"
"20220720;25.3;13.6;36;6.8;0;160;10.1;73.8;1016.3;780"
"20220721;20.6;14.7;26.6;0;0;271;9.7;31;1020;444"
"20220722;22.1;11.7;31;0.5;0;312;5;27.7;1017.4;841"
"20220723;22.1;15.7;27.2;0;0;275;10.4;38.9;1017.1;436"
"20220724;22.6;13.1;30.9;0;0;234;4.3;22.7;1017.8;715"
"20220725;25.5;14.5;34.5;0.2;0;234;12.2;45.7;1011.2;732"
"20220726;20.3;13;25.3;0;0;286;12.2;45;1015;561"
"20220727;18.1;10.9;23.9;0;0;21;9.4;31.7;1016;399"
"20220728;20.3;13.7;27;0;0;81;12.6;33.1;1014.8;601"
"20220729;19.5;12.3;28;3.4;0;120;7.6;39.2;1014.8;388"
"20220730;18.2;11.1;25.2;0;0;294;11.2;40.3;1017.7;651"
"20220731;20.4;9.9;28.1;0;0;258;7.6;36;1017;415"
"20220801;21.4;16;27.4;0.2;0;284;9.7;31.3;1016.3;421"
"20220802;21;13.7;28.6;0;0;274;5.4;21.6;1017.4;625"
"20220803;23.3;11.6;32.8;0;0;156;4.7;25.6;1015.5;864"
"20220804;26;14.4;35.7;0;0;150;6.1;27;1013;821"
"20220805;23.9;15.9;31.6;0.2;0;318;13.7;39.6;1014.7;572"
"20220806;17.8;14.1;23.6;0;0;27;12.2;33.8;1023.5;801"
"20220807;18.2;10.6;25.5;0;0;65;11.9;37.4;1021.6;859"
"20220808;19.2;8;27.4;0;0;49;8.3;36.4;1021.8;841"
"20220809;20.6;10.6;28.2;0;0;75;11.2;38.9;1023.6;822"
"20220810;20.8;13.9;27.6;0;0;87;15.1;56.5;1023;824"
"20220811;21.2;14.7;28.5;0;0;80;14;43.9;1020;823"
"20220812;20.1;12.1;27;0;0;82;13.7;49;1017.8;771"
"20220813;20.1;9.3;28.3;0;0;74;9;36.4;1015.3;752"
"20220814;21.3;11.5;30.4;0;0;89;7.2;35.6;1008.6;699"
"20220815;20.9;13.2;27.3;0;0;250;9.4;29.6;1006.6;373"
"20220816;19.4;10.5;28.1;0;0;226;6.3;24.1;1010.3;617"
"20220817;21.4;11.7;29.3;2;0;5;6.5;38.2;1010.7;518"
"20220818;20.7;16.1;26.5;4.5;0;314;10.1;33.1;1010.8;309"
"20220819;17.6;16.4;19.2;10.2;0;319;7.6;24.8;1012.8;0"
"20220820;17.9;14.1;22.4;6.5;0;256;8.3;35.3;1016.2;227"
"20220821;18.4;11.1;25.9;0;0;277;5.8;23.4;1015.8;696"
"20220822;18.1;10;25.7;0;0;87;7.9;27.4;1015.4;702"
"20220823;18.2;8.7;27.1;0;0;57;5.4;28.4;1017.3;789"
"20220824;19.2;9.7;27.2;0;0;82;8.6;29.9;1018.8;653"
"20220825;21;13;27.8;0;0;88;8.3;31.7;1015.6;654"
"20220826;20.1;14.2;27.7;0;0;30;6.8;45.4;1012.9;481"
"20220827;17.9;15.4;21.3;4.3;0;325;6.5;19.8;1014.1;53"
"20220828;18.3;12.8;22.7;0;0;29;7.2;25.2;1016.8;366"
"20220829;17.8;9.8;25.1;0;0;36;5;26.6;1019.1;616"
"20220830;19.1;10.8;26.5;0;0;67;7.6;26.6;1018.5;634"
"20220831;17.1;13;22.4;0;0;54;10.8;31.3;1019.1;247"
"20220901;15.4;11.2;20.3;0;0;98;8.6;24.5;1019.4;95"
"20220902;15;6.2;22.2;0;0;97;11.5;35.6;1016.4;746"
"20220903;15.1;9.6;22.9;0;0;137;7.9;41;1014.7;297"
"20220904;16.9;9.4;25.2;0;0;179;4.3;17.3;1019.7;428"
"20220905;18.3;9.1;27.1;0;0;107;6.8;29.2;1020.5;695"
"20220906;19.7;11.7;28.3;0.1;0;203;6.8;27.7;1016.8;533"
"20220907;19.8;13.1;27.8;2;0;267;6.8;27.4;1013.6;476"
"20220908;15.9;9.7;21.4;1.3;0;231;11.2;41;1012;248"
"20220909;14;8.9;21.4;4.4;0;206;7.6;47.5;1014.1;369"
"20220910;13.7;10.6;18.5;9.8;0;234;12.2;38.9;1015.7;87"
"20220911;13.9;8.3;18.3;0.2;0;274;10.4;33.5;1018.4;109"
"20220912;14;6.3;21.7;0;0;168;4.7;20.2;1016.8;685"
"20220913;16.5;8.2;24.5;6.9;0;209;3.6;17.3;1011.5;210"
"20220914;17.6;15.2;23.8;11.8;0;235;10.1;33.1;1006;128"
"20220915;14.4;11.2;16.4;13.7;0;273;9.7;32;1007.6;41"
"20220916;11.2;7.5;14.4;0.8;0;269;10.4;38.2;1011;134"
"20220917;8.6;7.1;11.6;3.9;0;285;17.3;44.3;1014;152"
"20220918;8.8;5.6;11.3;7.2;0;272;17.6;43.9;1015.8;9"
"20220919;8.6;5.4;13.2;0.6;0;279;15.5;41.8;1019.5;154"
"20220920;8.9;3.2;12.9;0.5;0;293;9.7;39.2;1023.2;322"
"20220921;7.5;0.5;14.7;0;0;84;6.5;28.1;1026.4;647"
"20220922;7.9;0.3;15.5;0;0;72;5.8;33.5;1023.9;647"
"20220923;9.1;0.3;17.5;0;0;98;4.3;20.9;1018.5;619"
"20220924;11.3;6.9;16.4;11.6;0;184;3.2;18;1013.6;78"
"20220925;11.7;9.9;14.3;0.3;0;235;7.2;22.7;1012.1;50"
"20220926;10.7;8;14.1;5;0;245;11.9;42.1;1007;202"
"20220927;7.8;5.6;10.3;8;0;247;16.9;48.2;1001.1;123"
"20220928;7.5;4.3;10.5;1.2;0;234;9.7;31.7;999.7;141"
"20220929;6.7;1.5;11.6;0;0;135;5;19.4;1004.4;79"
"20220930;6.3;1.5;13.5;0;0;159;3.6;16.9;1012.6;388"
"20221001;8.5;3;11.7;6.3;0;215;13;45.7;1014;1"
"20221002;11.2;9.5;11.9;22.4;0;268;10.4;28.4;1020.4;0"
"20221003;9.5;2.5;13.8;0;0;298;6.8;20.9;1026.9;185"
"20221004;7.9;1.2;15.3;0;0;176;5.4;24.8;1024.9;447"
"20221005;11.7;3;20.2;0;0;198;5.8;19.8;1022.6;643"
"20221006;11.9;6;16.8;0;0;264;5.8;23;1029.8;208"
"20221007;12.6;6.7;18.9;0;0;131;5.8;20.5;1024.5;265"
"20221008;11;2.8;15.4;0;0;241;8.3;34.2;1022.4;383"
"20221009;8.1;0.8;15;0;0;89;10.4;32;1023.8;611"
"20221010;11.4;4.6;19;5.6;0;154;5;23.4;1019.3;256"
"20221011;11.7;9.5;14.4;0;0;7;5.4;16.2;1024.3;54"
"20221012;9.7;4.6;14.5;0;0;113;5;16.9;1024.4;47"
"20221013;10.1;4;14.8;0.7;0;180;5.4;18;1021.1;17"
"20221014;12.9;10.6;15.7;12.7;0;195;8.3;22.7;1015.6;53"
"20221015;14.5;12.6;17.6;1.3;0;227;13;38.9;1011.9;60"
"20221016;15.7;11.6;21.8;0;0;174;6.1;18.4;1018.7;206"
"20221017;14.7;7.8;24;0;0;174;4.7;27;1025;592"
"20221018;13.5;8.1;19.1;3.9;0;294;6.8;35.6;1027.1;190"
"20221019;11;6.4;15.4;0;0;83;8.6;25.6;1025.8;78"
"20221020;9.8;6.2;12.2;0.2;0;133;10.4;28.8;1019.2;112"
"20221021;12.9;10.6;16.7;6;0;177;7.6;32.4;1013.7;52"
"20221022;12.7;8.3;17.8;0;0;208;6.8;27.7;1017.3;447"
"20221023;13;8.3;16.9;0.3;0;155;9;30.6;1015.6;337"
"20221024;13.6;10.2;15.6;4;0;188;12.2;43.2;1015.4;35"
"20221025;11.1;6.3;17;0.1;0;227;7.6;29.2;1019.6;348"
"20221026;12.9;7.8;19.2;0;0;201;6.5;31;1021;170"
"20221027;12.4;5.2;19;0;0;155;6.5;27.7;1026.3;529"
"20221028;14;8.5;20.2;0;0;171;4.7;19.4;1024.7;262"
"20221029;14.5;8.6;21.8;0;0;207;3.2;12.6;1023.4;372"
"20221030;13.9;7.3;23.3;0.1;0;262;2.2;9.7;1021.3;438"
"20221031;11.5;5.6;19.1;0;0;186;2.9;16.2;1020;393"
"20221101;11.1;5.1;16;0;0;209;5.4;27.7;1020.3;83"
"20221102;7.2;1.1;12.9;0;0;225;6.5;31.7;1025.1;264"
"20221103;5.9;0.6;9.8;0.9;0;148;7.6;36.7;1015;85"
"20221104;8;6.6;9.9;1;0;235;7.6;43.9;1009.2;0"
"20221105;6.6;1.5;8.8;1.3;0;273;6.1;23.8;1019.2;3"
"20221106;3.6;-0.7;7.6;0.2;0;168;7.6;28.1;1018.8;17"
"20221107;9.3;5.3;13.1;0;0;211;9;27.4;1017.9;242"
"20221108;7.7;2.7;12.7;0.9;0;166;5;18.7;1016;291"
"20221109;10.2;7.2;14.2;4.3;0;209;7.2;27;1015.8;59"
"20221110;7.6;1.3;12.4;0;0;255;6.8;26.3;1028.3;355"
"20221111;4.6;-0.4;13.2;0;0;184;3.2;12.6;1035;450"
"20221112;3.9;-0.7;9.2;0;0;128;3.6;11.5;1033.9;145"
"20221113;4.4;-1.6;12.2;0;0;73;9;28.8;1024;520"
"20221114;5.3;-0.2;9.7;0;0;154;10.8;32.4;1017.5;89"
"20221115;8;3;12.7;2.5;0;155;5.8;20.2;1011.6;259"
"20221116;7.4;4.2;11;2.4;0;177;6.5;26.6;1004.3;82"
"20221117;7.3;5;11.7;6.7;0;158;11.5;43.6;998.6;128"
"20221118;6.2;4.8;7.4;11.2;0;262;11.9;31.7;1003.4;0"
"20221119;1.8;0.1;6;7.5;0;63;7.6;25.2;1011.1;0"
"20221120;3.6;0.6;5.9;4.2;0;245;13;43.2;1011.4;38"
"20221121;3.5;0.9;6.7;1.5;0;222;14;41.8;1005.1;125"
"20221122;3.9;1;6.2;0;0;200;7.6;23.4;1001.2;45"
"20221123;3.5;-0.5;8.3;3.1;0;174;7.2;40.3;1005.5;345"
"20221124;4.6;-1.4;7.1;4.9;0;241;10.8;35.3;1014.8;19"
"20221125;3.3;-2.1;7.3;0.5;0;225;5.8;26.6;1020.8;176"
"20221126;3.7;-3;6.2;0;0;289;5.8;21.6;1031.5;6"
"20221127;-0.1;-3.8;2.6;0;0;134;9.4;29.9;1027;128"
"20221128;2.5;1;3.9;0.1;0;148;7.9;36.4;1016.1;0"
"20221129;4.1;3.3;5.3;2.3;0;75;4.3;11.5;1017.9;0"
"20221130;2.6;0.3;4.1;0;0;92;6.8;22.3;1022.9;0"
"20221201;2;0.3;3.6;0;0;42;9.4;19.8;1023.7;0"
"20221202;1.2;-0.1;2.6;0.6;0;77;10.8;19.8;1020.4;0"
"20221203;0;-0.9;0.5;0;0;94;11.9;26.6;1019;0"
"20221204;1.5;-0.2;3.1;0.2;0;63;8.3;24.8;1014.3;0"
"20221205;2.1;0.6;3.5;0.5;0;236;7.6;23.8;1019.3;0"
"20221206;1.6;0.5;2.3;0.3;0;258;9;24.5;1019;0"
"20221207;1;-0.6;2.2;0;0;260;9;27.4;1017.2;7"
"20221208;0;-2.1;1.5;0;0;217;7.2;21.6;1011.4;24"
"20221209;-1.5;-5.1;0.4;0;0;61;6.8;25.9;1006;0"
"20221210;-1.6;-3.4;-0.4;0.7;0;357;6.8;20.2;1008.9;0"
"20221211;-3.1;-4.2;-2.3;0.2;0;297;8.6;23;1011.4;0"
"20221212;-5.4;-13.5;-2.6;1.8;10;320;4.7;14.4;1014;0"
"20221213;-9;-14.3;-5.5;0;40;76;8.6;21.2;1012.6;366"
"20221214;-4.5;-5.7;-3.3;1.5;30;119;9.4;24.8;1003.9;0"
"20221215;-3.9;-4.9;-2.2;0.8;40;68;8.3;25.2;1008.2;0"
"20221216;-4.3;-10.4;-2.7;0.9;50;356;7.9;21.2;1012.8;0"
"20221217;-10.7;-15.6;-1.6;0;60;279;2.2;10.4;1029.1;463"
"20221218;-7.5;-15.6;-5.5;0;60;138;13.7;35.6;1033.1;0"
"20221219;-2.3;-6;0.7;0;60;153;9.7;24.8;1028.2;4"
"20221220;1.9;0.1;3.4;2.6;50;155;6.5;15.5;1021.3;5"
"20221221;5.9;2;9.4;3.4;0;187;7.9;22.7;1015.8;33"
"20221222;7.4;4.3;9.6;7.1;0;215;16.9;50.8;1010.4;50"
"20221223;9.5;6.7;11.6;10.7;0;242;14.8;56.2;1007.8;0"
"20221224;7.9;5.3;9.9;0.1;0;243;14;58;1016.4;113"
"20221225;7.5;4.3;10.6;0;0;161;7.9;24.1;1017.7;247"
"20221226;7.8;4;10.1;9.7;0;220;12.6;49.7;1019;0"
"20221227;1.7;-3.5;5.5;0;0;235;11.2;33.8;1029.3;382"
"20221228;3.4;-3.3;8.1;0;0;184;10.8;37.4;1020.7;95"
"20221229;7.7;5.2;10.7;6.1;0;205;15.5;44.6;1013.1;14"
"20221230;5.6;-0.3;10.5;3.7;0;191;13.3;36.4;1016;300"
"20221231;12.8;10.3;16.5;0;0;211;17.3;43.9;1017.3;210"
"20230101;11.4;8;15.7;0;0;196;11.9;39.6;1021.3;311"
"20230102;9.4;6.1;14.3;0;0;219;7.9;40.3;1021.8;183"
"20230103;4;-1.8;8.3;0;0;233;5.8;20.5;1031.3;348"
"20230104;5.2;-1.4;9.2;1.4;0;215;17.6;54;1026;0"
"20230105;8.3;6.7;10.1;1.1;0;262;19.4;57.6;1022.6;2"
"20230106;7.8;6.5;9;0.4;0;242;11.2;39.6;1023.2;40"
"20230107;6.1;1.3;8.9;0;0;172;7.6;25.6;1018.2;180"
"20230108;4.1;0.3;7.5;4.8;0;170;7.9;27.7;1008.7;0"
"20230109;4.6;2.9;6.4;1;0;230;16.9;46.4;1005.3;53"
"20230110;2.8;0.4;4.3;0;0;249;13.7;38.2;1021.3;13"
"20230111;5.7;2.6;8.5;2.4;0;211;14.8;46.4;1018;0"
"20230112;6.9;4.5;8.3;0;0;234;23;54.7;1017.7;0"
"20230113;6.9;4.1;9.1;1.9;0;245;22;54.7;1014.8;52"
"20230114;4.9;1;7.7;3.5;0;203;15.1;40;1016.1;24"
"20230115;4.6;0.2;9.8;4.8;0;230;20.5;50.4;1007.3;9"
"20230116;1.7;-1.6;4.2;0.5;0;182;19.1;54.7;994.4;173"
"20230117;0.4;-2.4;3.4;0.8;0;162;9.7;42.5;989.2;370"
"20230118;-1.6;-5;-0.8;0.1;10;308;10.1;29.5;996.4;0"
"20230119;-3.1;-6.8;-0.6;0;10;219;7.9;22.3;1010;47"
"20230120;-2.8;-9.2;-0.2;1.3;10;305;5.8;18;1017.7;106"
"20230121;-3.9;-9.9;-2.1;0.3;20;4;10.8;35.3;1025.6;1"
"20230122;-1.4;-2.1;-0.6;1.2;30;21;6.8;19.1;1027.7;0"
"20230123;-0.4;-1.5;0.8;0;40;61;12.6;31.7;1032.7;0"
"20230124;0.3;-0.5;0.9;0;30;60;13;30.6;1035.8;0"
"20230125;-1.1;-1.8;-0.4;0;0;106;7.6;21.2;1031.6;0"
"20230126;-2.2;-3.2;-1.7;0;0;306;5.8;15.8;1022.4;0"
"20230127;-2.5;-3.5;-1.4;0;0;23;8.3;24.5;1022.9;0"
"20230128;-1.2;-3;-0.2;0;0;38;9.4;20.2;1027.5;0"
"20230129;-2.9;-4.4;-1;0;0;277;7.6;25.6;1029.2;85"
"20230130;-0.4;-3.5;1.7;0.4;0;260;22.3;58.7;1022.5;1"
"20230131;1.3;0;2.6;0.1;0;264;19.1;46.1;1025.9;1"
"20230201;3.4;2.3;4.4;4.2;0;265;24.8;57.6;1022;4"
"20230202;4;2.9;4.6;3.1;0;273;25.6;55.8;1024.6;0"
"20230203;4.9;3.7;6;4.4;0;266;26.3;61.9;1027.3;1"
"20230204;1.7;-4.6;5.1;0.1;0;7;11.2;44.3;1035.7;102"
"20230205;-2.2;-6.4;0.1;3.6;0;107;4;16.2;1037.9;0"
"20230206;-1.8;-5.2;1.1;0.1;30;24;6.5;28.8;1039.3;3"
"20230207;-4.5;-8.5;-0.1;0;20;81;10.4;27;1040.9;556"
"20230208;-4.9;-10;1.1;0;20;88;10.8;33.8;1039.2;556"
"20230209;-5.4;-11.7;1.2;0;0;140;4.7;15.5;1036.3;552"
"20230210;-3.7;-10;3.9;0;0;212;3.6;19.1;1040.2;546"
"20230211;1.4;-5.3;5.4;0;0;255;8.6;31.3;1037.6;161"
"20230212;3.2;-0.6;7.7;0;0;89;6.5;18.7;1039.3;285"
"20230213;0;-3.6;4.5;0;0;137;7.9;21.2;1039.9;207"
"20230214;-0.4;-2.3;1.7;0;0;149;9.7;22;1037.1;0"
"20230215;-1.6;-3.2;1;0;0;153;8.3;19.4;1032;6"
"20230216;3.2;-4.8;11.6;0;0;222;6.1;27.4;1028.5;453"
"20230217;8.9;6;11;1.8;0;247;20.2;57.6;1024.8;11"
"20230218;9.3;7.1;12.4;1.6;0;259;22.3;68.4;1023.2;69"
"20230219;7.1;6;9;1.6;0;269;19.4;52.6;1024.1;32"
"20230220;7.7;4.5;12.4;0;0;260;15.5;43.2;1025.5;462"
"20230221;6.9;0.8;14.1;0;0;219;5.4;21.2;1020.5;563"
"20230222;6.5;-1.1;14.4;0;0;161;5.4;29.5;1015.2;404"
"20230223;7.2;4.9;10.4;1.3;0;238;4.3;16.9;1014.3;13"
"20230224;5.8;1.8;8;0.9;0;272;10.4;41;1007.5;22"
"20230225;0.6;-3.1;3.8;3.3;0;302;16.6;47.9;1007.9;50"
"20230226;-2.7;-5.5;0.5;0;20;27;16.6;46.8;1018.6;156"
"20230227;-2.6;-5.4;1.2;0;20;70;15.5;42.5;1026.1;457"
"20230228;-1.5;-4.9;3.2;0;0;71;14;36.4;1027.3;582"
"20230301;0.6;-4.6;6.5;0;0;65;14.8;35.6;1023.6;621"
"20230302;3.2;-1.7;10.1;0;0;58;11.9;29.5;1019.1;617"
"20230303;1.3;-4.9;8.4;0;0;357;5;22;1021.9;493"
"20230304;-1.2;-4.7;0.4;0;0;296;10.1;26.6;1023.6;0"
"20230305;0.8;-0.3;2.1;0;0;268;7.9;23.8;1016.7;0"
"20230306;0.8;-0.7;3.1;0.2;0;242;9.4;31.3;1008;1"
"20230307;2.2;0.2;4.4;0;0;242;17.3;44.6;1003.1;27"
"20230308;4.6;0.1;9.5;17.8;0;217;15.8;47.2;998;0"
"20230309;8.1;5;11.7;2;0;244;21.2;67.3;998.8;121"
"20230310;6.4;0.8;9.5;6;0;228;24.8;83.2;995.8;58"
"20230311;-0.6;-4.7;1.7;0;0;299;13.7;58;1010.9;86"
"20230312;2.2;-5.7;7.9;1;0;217;8.6;31.7;1014.7;0"
"20230313;10.8;5.9;17.1;18;0;219;16.6;52.2;1005.5;237"
"20230314;6.9;0.2;11.7;4.9;0;239;22;69.1;1001.7;160"
"20230315;0.1;-4.3;2.7;0.5;20;272;11.5;35.6;1019.5;176"
"20230316;1.6;-4.7;7.8;0;0;134;9.4;32;1021.2;567"
"20230317;7.2;0.7;15.4;0;0;154;9.4;23.4;1013.8;586"
"20230318;9.1;2;17.4;0.8;0;204;4;18.4;1013.9;460"
"20230319;8.4;4;14.2;13;0;192;5.8;52.2;1017.1;249"
"20230320;8.1;4.6;11;0;0;261;9.4;28.1;1020.6;48"
"20230321;9.4;5.4;14.2;0.1;0;230;6.1;21.2;1017.5;367"
"20230322;9.9;2.9;16.7;0;0;225;7.2;32.4;1013.5;609"
"20230323;12.1;7.1;14;0.7;0;221;11.9;38.9;1010.7;14"
"20230324;10.5;7.2;14.9;3.5;0;223;16.6;60.5;1008.3;62"
"20230325;7.2;4.9;10.6;4.9;0;250;22.7;59.8;1011;311"
"20230326;6;2.9;11.5;7.7;0;;15.1;56.2;1006.7;160"
"20230327;1.9;-0.7;4.8;0.4;0;299;19.4;61.9;1017.4;429"
"20230328;1.9;-2.3;7.1;0.5;0;267;11.2;27.7;1026.7;641"
"20230329;8;2.5;13.8;1.9;0;210;10.4;33.8;1018.9;175"
"20230330;10.6;7;14;5.7;0;223;14.8;48.6;1013;162"
"20230331;8.8;6.5;13.5;9.3;0;227;18.7;84.6;1004.6;294"
"20230401;7.3;6.3;8.3;2.7;0;241;22;47.9;1004.4;14"
"20230402;5;1.6;8.3;0.5;0;313;14.4;36.7;1017.3;0"
"20230403;1.8;-2.8;5.7;0;0;52;13.3;32.8;1027.4;234"
"20230404;0.1;-4.4;4.9;0;0;62;11.5;32;1026.6;687"
"20230405;0.6;-6.1;7.1;0;0;56;5;22;1022.9;639"
"20230406;3.4;-5.3;10.9;0.2;0;340;4;31;1020.3;671"
"20230407;6;1.4;11.1;0.5;0;146;5.4;20.9;1017.7;182"
"20230408;4.6;1.3;6.6;0;0;349;6.5;19.4;1023;0"
"20230409;6.3;0.1;12.2;0;0;91;8.3;29.5;1025.5;500"
"20230410;7.4;-2.5;13.9;2.8;0;123;11.5;36.4;1021.7;653"
"20230411;7.6;2.5;10.9;2.8;0;258;14;51.8;1015;336"
"20230412;7;2.6;12.9;9.2;0;189;12.6;55.8;1006.4;44"
"20230413;5.4;1.2;8.3;0.1;0;248;11.2;37.1;1008.1;143"
"20230414;5.8;1.5;11.6;0.2;0;300;7.6;33.5;1008.9;301"
"20230415;5.3;1.6;9;14.7;0;288;10.1;34.6;1010.2;54"
"20230416;7.3;5.7;9;8.2;0;326;11.5;31;1018.7;0"
"20230417;7.6;5.8;10.3;0;0;27;13;34.9;1022.3;59"
"20230418;7.9;4.6;11.6;0;0;63;14;36.7;1022.9;110"
"20230419;6.3;-1.2;11.1;0;0;39;11.9;44.3;1021.2;214"
"20230420;4;-2.2;8.1;1.8;0;66;10.8;34.6;1015.7;165"
"20230421;9.9;4.3;17.9;0;0;122;7.9;32.4;1012.5;494"
"20230422;14.1;6.3;20.6;0.1;0;156;8.6;34.6;1010.5;534"
"20230423;12.2;8.5;17.4;2.3;0;216;10.8;47.2;1008.9;209"
"20230424;8.6;5.4;11.9;1.4;0;250;16.2;58.3;1009.5;221"
"20230425;6.2;1.8;10.4;1.1;0;275;10.4;37.8;1013.2;101"
"20230426;5.2;-0.3;10.5;0;0;303;5;26.3;1018.7;597"
"20230427;7.5;-1.3;15.5;0.6;0;113;4;17.3;1019.1;503"
"20230428;10;5.8;13.7;19;0;201;8.6;25.9;1014.4;8"
"20230429;10.7;7.8;13.3;0;0;297;9.4;27.7;1016.7;20"
"20230430;11.1;7.5;15.9;0;0;73;11.9;33.8;1019.9;482"
"20230501;8.9;5;13.4;1;0;58;7.2;21.6;1016.5;273"
"20230502;10.3;4.7;16;0;0;299;8.3;36.4;1021.9;246"
"20230503;9.9;3.7;16.3;0;0;48;9;24.5;1025.3;740"
"20230504;11.8;2.4;19.3;0;0;103;10.4;33.8;1020.9;817"
"20230505;14;6.6;20.4;5.4;0;263;6.8;31;1017.5;353"
"20230506;14;6.9;19.5;0;0;290;6.5;21.2;1017.4;512"
"20230507;14.6;7.1;21;2.9;0;59;7.9;29.9;1017.3;329"
"20230508;12.1;9.7;14.6;1;0;91;6.8;20.5;1021.9;0"
"20230509;14.3;9.6;19.6;5.3;0;151;10.4;36.7;1015;668"
"20230510;12;9.6;14.8;1.6;0;265;11.5;33.8;1012.9;91"
"20230511;9.6;8.6;10.7;11.1;0;276;6.5;20.2;1014.9;0"
"20230512;10.2;5.9;12.8;0;0;86;13.3;40.7;1015.9;8"
"20230513;10;5.7;14.5;0;0;67;10.4;28.1;1018.6;92"
"20230514;11.1;5.5;16.3;0.5;0;46;8.3;27.7;1015.4;383"
"20230515;11.8;6.6;17.9;0;0;290;8.3;32.4;1012.1;312"
"20230516;9.8;4.3;14.8;0;0;335;13;41;1016;243"
"20230517;7.7;3.7;11.4;0;0;7;10.1;30.6;1024;347"
"20230518;10;3.1;16.6;0;0;70;13.3;35.6;1023.9;763"
"20230519;11.8;6.8;16.8;0;0;65;10.8;31;1021.4;180"
"20230520;16.3;10.1;21.7;0;0;69;14;36;1015.7;582"
"20230521;18.2;11.8;25.1;0;0;81;12.6;32.8;1012.5;568"
"20230522;18.8;8.5;26.5;0;0;41;6.1;24.8;1012.4;750"
"20230523;14.9;8.1;18.6;0;0;311;14.4;36.7;1016.8;227"
"20230524;9.9;5.9;14.8;0;0;5;9.4;27.7;1021.1;377"
"20230525;13.9;6.5;20.8;0;0;48;13;40.3;1022.4;823"
"20230526;15.2;7.8;21.7;0;0;37;10.4;33.1;1024;840"
"20230527;14.9;7;21.9;0;0;69;11.5;45;1022.5;865"
"20230528;15.6;5.8;23;0;0;55;7.9;27;1017.9;894"
"20230529;17.4;8;23.9;0;0;46;12.2;39.2;1018.1;856"
"20230530;16.7;10.7;22.5;0;0;47;13.6;37.1;1020.3;774"
"20230531;17;9;24.2;0;0;71;14.9;37.1;1020.3;900"
"20230601;17.6;7.8;24.9;0;0;14;6.8;28.4;1016.8;786"
"20230602;15.3;9.2;21.7;0;0;9;10.4;28.8;1016.4;907"
"20230603;15.9;9.3;22.7;0;0;65;13;33.1;1017.3;759"
"20230604;16.4;8.4;23.4;0;0;62;9.7;26.6;1018.1;904"
"20230605;16.8;8.4;24.4;0.2;0;59;11.5;38.9;1017.1;672"
"20230606;14.6;7;19.9;0;0;28;10.4;38.5;1017.9;808"
"20230607;16.2;6.6;24.3;0;0;77;5.4;19.8;1016.8;479"
"20230608;16.9;10.4;24.2;0.2;0;75;7.2;30.6;1014.4;569"
"20230609;18.5;9.5;25.7;0;0;80;10.4;32;1013.3;795"
"20230610;19.7;13.4;25.8;0;0;77;12.6;33.1;1013.6;748"
"20230611;19.9;13.5;26;0;0;84;14.8;42.1;1015.6;910"
"20230612;19.1;12.5;25.3;0;0;83;13.3;43.6;1014.9;915"
"20230613;17.3;9;23.9;0;0;77;14.4;41.8;1012.8;924"
"20230614;16.5;7.5;22.5;0;0;64;10.1;32;1014.2;569"
"20230615;16.8;8;23.3;0;0;45;8.3;27.7;1017.2;723"
"20230616;16.5;6.8;23.6;0;0;302;8.6;37.1;1016.8;672"
"20230617;17.7;7.4;25.7;0;0;273;7.2;32.4;1015.3;757"
"20230618;20.4;7.8;28.8;0;0;182;4.7;26.6;1013.3;873"
"20230619;22.6;16.9;28;0.7;0;198;8.3;28.8;1013.1;426"
"20230620;23.9;16.6;31.5;0;0;163;9;42.5;1012.3;631"
"20230621;20.2;15.4;24.9;2.7;0;256;7.6;39.6;1017.7;505"
"20230622;24;14.6;32.3;0.2;0;106;10.8;43.2;1013.9;715"
"20230623;16.8;13.7;18.9;0;0;290;17.3;48.2;1021.3;4"
"20230624;18.7;9.7;26.3;0;0;59;5.4;29.5;1024;820"
"20230625;20.1;8.9;28.4;0;0;102;6.1;27.4;1018.4;932"
"20230626;21.5;10.8;29.9;0;0;288;13.3;50;1015.6;827"
"20230627;17.7;13.1;21.6;1.1;0;309;10.1;31.7;1019.2;366"
"20230628;16.9;10.2;24;0;0;262;5.8;28.8;1018.4;542"
"20230629;19.2;8.6;27.5;0.2;0;265;5.4;28.1;1014.7;582"
"20230630;18.3;13.7;23.4;0.1;0;305;8.3;32.8;1011.4;194"
"20230701;18.2;13.5;23.8;0.5;0;249;12.6;41.4;1009.7;520"
"20230702;17.3;11.9;22.8;0;0;267;15.8;54.4;1011.8;611"
"20230703;17.3;10;22.4;0;0;249;13;48.2;1014;426"
"20230704;18.7;12.1;24.8;1;0;255;8.6;33.1;1014.5;562"
"20230705;16.1;9.5;21.3;7.8;0;234;13.3;53.6;1014.8;533"
"20230706;16.9;7.8;24.5;0;0;259;5.4;28.1;1018.4;810"
"20230707;19.4;7.7;28.3;0;0;142;6.8;34.6;1019.7;913"
"20230708;22.2;11;30.7;0;0;113;5.8;32.4;1018.4;762"
"20230709;24.5;13.3;33.3;0;0;178;5;22.7;1019.2;744"
"20230710;23.5;15.6;29.8;0;0;269;12.2;41;1019;621"
"20230711;24.6;13;34.1;10.4;0;221;7.6;46.8;1014.3;663"
"20230712;22;17.1;27.7;0;0;255;14.8;40.3;1012.5;631"
"20230713;19.4;13;24.1;0;0;289;12.2;38.5;1017.4;681"
"20230714;19.6;10.2;26.6;0;0;149;6.1;27.4;1015.8;711"
"20230715;24.1;13.2;34.4;9.3;0;179;10.1;70.2;1010.2;784"
"20230716;19.5;15.5;25;0.1;0;263;10.1;42.1;1016.9;477"
"20230717;19.4;11.4;25.6;0;0;244;9;33.8;1019.7;557"
"20230718;19.6;8.9;26.7;0.1;0;218;6.1;36;1018.2;767"
"20230719;20.3;14.1;28.3;0;0;259;10.1;41.8;1012.9;626"
"20230720;18.5;12.4;24.3;0;0;286;9.4;39.2;1013.8;696"
"20230721;16.3;11.4;23.6;1.1;0;292;9;50.8;1012.4;282"
"20230722;17.1;9.4;24.4;0;0;238;7.2;29.9;1015.5;590"
"20230723;19.7;10.9;27.6;5.8;0;223;12.2;50;1012.4;546"
"20230724;18.1;13.2;23.3;0.2;0;220;11.2;39.6;1007.5;221"
"20230725;14.2;11.7;18.5;19.3;0;249;9;48.2;1006.6;119"
"20230726;13;10.3;17.2;6.7;0;266;11.2;42.5;1014.9;290"
"20230727;14.4;8.3;17.7;4.7;0;196;9;38.2;1012.4;8"
"20230728;17;14.2;21.3;3.3;0;248;9.4;40.3;1011;54"
"20230729;18.6;15.2;23.1;9.1;0;227;11.5;43.2;1011.2;448"
"20230730;17.4;14.2;21.1;1.4;0;257;14.8;57.2;1014.4;347"
"20230731;17.2;12.7;22.3;5.5;0;237;11.2;36.7;1013.1;323"
"20230801;16.4;12.6;20.3;7.8;0;241;15.5;50;1004.9;257"
"20230802;15.6;10.8;20.3;12;0;192;12.6;61.6;1002.5;17"
"20230803;17.3;12.1;20.8;0;0;252;20.5;57.6;1005.9;597"
"20230804;15.7;10.8;20.9;3.7;0;277;6.8;25.6;1012.7;334"
"20230805;16.1;13;20.5;3;0;301;6.5;24.8;1012.8;201"
"20230806;12.4;10.3;14.9;15.1;0;247;17.3;54.7;1009.2;26"
"20230807;11;9.4;14.8;1.7;0;264;18.4;51.1;1016.8;130"
"20230808;14.8;8.4;19.2;2.2;0;255;13;44.3;1016.8;638"
"20230809;14;8.2;17.1;4.9;0;262;9.4;40.7;1017.6;62"
"20230810;14.8;5.7;22.8;0;0;221;4;19.8;1021.8;842"
"20230811;18.8;8.1;28;0;0;178;3.6;15.1;1021.7;835"
"20230812;20.5;14.7;28.6;3.3;0;197;6.1;37.1;1018.4;308"
"20230813;19.8;14.2;25.5;3;0;185;4.7;15.8;1018.4;214"
"20230814;22.5;17.1;28.6;0;0;137;6.1;21.2;1015.6;534"
"20230815;21.7;15.6;27.4;0;0;290;5.4;29.2;1016.6;451"
"20230816;21.5;14.5;28.5;0.1;0;81;7.6;32.8;1018;468"
"20230817;21.2;15.7;29.1;4.9;0;107;6.1;41;1016.8;498"
"20230818;20.8;14.2;28;0;0;125;7.2;23.4;1016.6;787"
"20230819;23.1;14.2;31.2;0;0;115;6.5;25.6;1017.2;672"
"20230820;24.3;17;31.9;0.8;0;271;4;22.3;1020;780"
"20230821;24.4;18.7;30.3;0;0;359;4.3;19.4;1020.6;721"
"20230822;23.5;17.1;29.4;0;0;293;6.8;33.1;1018.8;608"
"20230823;21.4;14.8;28.4;0;0;310;4.3;30.2;1019;773"
"20230824;20.8;12.6;29.8;9.3;0;126;7.9;36;1015.5;486"
"20230825;20.4;17.1;24.8;7.2;0;194;9;41.4;1011.9;325"
"20230826;17.7;13;22.3;7.3;0;245;7.6;27;1012.8;182"
"20230827;14.9;13.3;17.4;5.3;0;204;5.8;20.5;1011.7;1"
"20230828;13;12;14.3;4.2;0;356;7.6;28.4;1011.2;0"
"20230829;12.8;11.4;15.2;2.1;0;324;8.3;23;1010.3;1"
"20230830;14.1;11.5;18.3;5;0;237;7.9;38.2;1009.7;326"
"20230831;13.6;10.8;17.1;9.2;0;255;11.5;38.5;1014;303"
"20230901;15.6;11.7;21.2;0.1;0;224;9.4;34.6;1016.1;159"
"20230902;17.1;10.1;24.5;0;0;268;4;18.7;1020.7;683"
"20230903;16.6;11.1;22.6;0;0;346;4.7;21.6;1026.4;514"
"20230904;16.9;9.8;24.4;0;0;84;9.7;27.7;1026.4;778"
"20230905;17.2;10.8;24.6;0;0;97;12.2;32;1022.5;776"
"20230906;17.6;8.5;26.2;0;0;83;9.4;28.8;1021.2;770"
"20230907;18.1;10.7;26.5;0;0;90;9.7;32;1020.3;769"
"20230908;17.5;9.2;26.2;0;0;68;5.4;19.8;1019.3;763"
"20230909;18.6;8.9;28.4;0;0;162;3.6;25.9;1018.2;749"
"20230910;20;12.1;28.7;0;0;24;2.9;39.2;1017.9;632"
"20230911;19.7;12.4;27.8;0;0;248;4;24.1;1014.8;725"
"20230912;20.3;11;29.8;0.1;0;218;4.3;18.4;1012.4;618"
"20230913;17.7;12.9;20.8;5.9;0;264;7.6;27;1016.7;93"
"20230914;14.7;8.7;20.8;0;0;334;5;16.9;1021.6;425"
"20230915;15.5;8.2;23.1;0;0;77;9;29.2;1018.5;717"
"20230916;17.4;9.7;25.3;0;0;93;5.8;20.2;1015.6;677"
"20230917;19.4;11.8;26.4;0;0;116;5.4;19.4;1014.9;656"
"20230918;17.4;14.3;22.3;2.6;0;185;9;33.5;1011.3;204"
"20230919;15.5;9.4;20;0;0;244;12.2;45;1015.1;372"
"20230920;15.6;7.2;23;0;0;173;6.8;30.2;1013;694"
"20230921;17.9;10.1;25.5;5.2;0;150;6.8;59.8;1003.2;485"
"20230922;12.7;9.3;14.9;0.3;0;196;11.5;32.4;1007;94"
"20230923;11.1;4.9;15.9;0;0;260;10.1;32.4;1018.2;501"
"20230924;10;2.7;17.7;0;0;110;5;21.6;1027.2;600"
"20230925;11.5;3.2;19.8;0;0;97;7.6;29.2;1025;684"
"20230926;13;4.6;22;0;0;147;3.2;19.4;1022.8;671"
"20230927;14.2;5.9;23.1;0;0;168;5;31;1020.9;672"
"20230928;15.5;7.2;26.3;0;0;213;3.9;14.8;1019.6;586"
"20230929;17;8.2;26.8;0;0;259;9;45;1020.5;443"
"20230930;13.8;7;18.4;0;0;298;7.2;31.3;1026.6;306"
"20231001;13;4.8;22.4;0;0;233;2.9;17.3;1026.6;662"
"20231002;16;7.1;25.9;0;0;203;4.7;18;1022.5;653"
"20231003;16.2;9;26.5;4.2;0;239;13.7;60.1;1019.5;434"
"20231004;10.7;3.7;16.5;0;0;254;8.3;31;1029.3;517"
"20231005;8.4;3;15.2;0;0;245;5.4;31.3;1028.2;176"
"20231006;9.7;1.7;19;0;0;237;4.3;19.1;1027.6;570"
"20231007;12.8;6.8;16.7;0;0;238;11.2;33.1;1025.5;133"
"20231008;15.6;9.7;20.6;0;0;275;10.4;33.8;1025;163"
"20231009;16;10;20.4;0.1;0;255;8.6;34.9;1021.7;64"
"20231010;14.1;7.9;22.4;0;0;227;4.3;19.1;1022.1;584"
"20231011;15.5;7.6;24.9;0;0;233;6.5;38.9;1018.9;603"
"20231012;16;11.6;21.3;0.3;0;226;7.6;31.7;1017.2;7"
"20231013;17.6;9.6;26.7;1.1;0;199;8.3;35.6;1013.7;581"
"20231014;14.6;8.7;19.6;9.8;;265;16.1;54;1012;"
"20231015;6.8;3.4;9.3;0.2;;280;10.3;37;1021.8;"
"20231016;3.8;-1;8.7;0;;58;5.5;22.2;1023.7;"
"20231017;5.1;1.1;9.6;;;82;10;24.1;1017.3;"
