date,tavg,tmin,tmax,prcp,snow,wdir,wspd,wpgt,pres,tsun
2021-01-01,2,-0.5,3.6,0,0,,,,,
2021-01-02,0.9,-0.8,2.4,3,0,45,8.6,,1012.7,
2021-01-03,0.3,-0.4,1,2.9,40,287,4.6,,1011.7,
2021-01-04,0.6,-0.2,1.6,0,20,87,7.2,,1013.8,
2021-01-05,1.3,0.2,2.2,0.2,0,41,8.8,,1012.9,
2021-01-06,0.8,0.3,1.3,3.9,0,343,8.7,,1013.4,
2021-01-07,1.4,0.5,3.7,0.6,0,247,9.8,,1015.5,
2021-01-08,0.6,0.2,0.9,0.6,10,244,13,,1016.8,
2021-01-09,0,-3.8,2.3,0,0,14,7.2,,1022.7,
2021-01-10,-2.2,-5.5,1.9,0,0,75,8.6,,1025.3,
2021-01-11,-3.3,-7.6,0.4,0.3,0,164,6.8,,1023.9,
2021-01-12,1.3,-0.4,2.8,16.7,10,232,18.3,,1014.4,
2021-01-13,1.4,-1.9,3.1,0.1,20,260,14.7,,1018.3,
2021-01-14,1.3,-0.7,2.9,0,10,336,11.5,,1018.6,
2021-01-15,-1.2,-4.9,2.2,0,10,49,10.5,,1024.1,
2021-01-16,-1.4,-3.1,-0.3,1.9,10,253,8.1,,1027,
2021-01-17,-1.1,-3.1,1.8,2,40,229,7.3,,1020.2,
2021-01-18,2.1,0.9,3.1,0.4,20,250,15.4,,1026,
2021-01-19,2.5,1.3,4.6,2.4,0,207,15.3,,1018.6,
2021-01-20,7.2,4.1,10,0,0,181,15.8,,1008.4,
2021-01-21,10.4,6.2,12.9,0.7,0,192,20.3,,1001.4,
2021-01-22,8,0.2,13.3,10.4,0,206,16.6,,995,
2021-01-23,2.5,0.2,5.1,3.4,10,210,12.4,,997.9,
2021-01-24,1,-1.8,2.7,1.3,0,227,19.2,,999.8,
2021-01-25,0,-2,0.9,4.6,20,248,9.1,,1005,
2021-01-26,1.1,-0.8,2.2,0,30,256,18.8,,1018.7,
2021-01-27,0.6,-1.4,2.3,1.4,10,203,10.6,,1017.6,
2021-01-28,7,2.1,11.6,15.8,10,232,19.1,,1007.6,
2021-01-29,9.1,7.3,11.1,6.4,0,242,24,,1001.3,
2021-01-30,5.7,0.9,9,2.6,0,227,15.1,,1000.8,
2021-01-31,2.1,0.8,3.7,0.4,0,100,13.3,,1000.6,
2021-02-01,5.6,2,8.2,6.7,0,186,12.5,,995.8,
2021-02-02,8.6,5.7,11.6,6.3,0,229,15.4,,1005,
2021-02-03,10.6,9,11.7,12,0,213,19,,1004,
2021-02-04,7.6,5.1,10.4,1.5,0,218,12.6,,1014.8,
2021-02-05,7,5.1,9,4.1,0,129,5.4,,1013.3,
2021-02-06,7.3,5.5,9,0.1,0,90,11.1,,1006.6,
2021-02-07,5.1,1.6,7.4,7.4,0,148,11.5,,997.8,
2021-02-08,-1.9,-4.7,1.6,2.2,0,350,7.6,,997.7,
2021-02-09,-4.3,-6.3,-2.5,0.4,30,355,6.3,,1004.5,
2021-02-10,-7.4,-10.6,-6.2,2.3,30,37,13.4,,1009.4,
2021-02-11,-8.3,-13.4,-2.5,0.2,40,70,6.2,,1027.7,
2021-02-12,-7.6,-12.6,-3.6,0.1,40,79,16,,1031.3,
2021-02-13,-6.2,-10.5,-2.3,0,30,82,17.3,,1037.9,
2021-02-14,-3.1,-10,3.6,0,20,107,15.1,,1039.6,
2021-02-15,-0.7,-6.1,4,0.7,20,168,11.4,,1032.6,
2021-02-16,4.9,0.9,10.3,1,10,178,9.4,,1021.7,
2021-02-17,8,2.3,11,0,0,240,15.2,,1020.8,
2021-02-18,6.9,-1.3,13.6,0.2,0,159,12.3,,1016.7,
2021-02-19,8.7,6.1,12.8,0,0,190,10.5,,1019.5,
2021-02-20,9.4,2.3,17.4,0,0,162,10.4,,1018.7,
2021-02-21,9.9,2.1,19.5,0,0,132,9.9,,1018.3,
2021-02-22,6.8,0.5,15.3,0,0,146,8.5,,1022,
2021-02-23,9.3,1.4,20.1,0,0,173,7.4,,1033.1,
2021-02-24,11.4,4.2,20.6,0,0,156,8.3,,1033.3,
2021-02-25,10.6,2.1,20,0,0,167,6.8,,1029.3,
2021-02-26,7.5,2,13.9,0.8,0,272,9.4,,1031.2,
2021-02-27,4.5,-0.3,9.8,0,0,45,11.2,,1037.5,
2021-02-28,4.3,-1.2,10.7,0,0,71,13.5,,1035.5,
2021-03-01,5.9,-1.3,14.6,0,0,86,11.5,,1032.6,
2021-03-02,7.1,0.6,16.6,0,0,113,6.6,,1032.3,
2021-03-03,5.8,-0.1,11.8,0,0,210,6.6,,1029.5,
2021-03-04,9.6,5.2,15.5,5.3,0,229,10.5,,1020.7,
2021-03-05,3,-2.2,5.8,0.8,0,7,12.3,,1024.3,
2021-03-06,1.1,-4.7,7.2,0.2,0,84,12.6,,1031.4,
2021-03-07,0.9,-5.4,8.4,0,0,51,6.7,,1024.2,
2021-03-08,1.4,-6,8.2,0,0,59,8.7,,1022,
2021-03-09,2.4,-3.1,7.8,0.2,0,78,5.5,,1019.6,
2021-03-10,6.1,3.3,9.9,0,0,239,9.5,,1020,
2021-03-11,9.8,7.2,13.5,6,0,224,21.9,,1008.7,
2021-03-12,7.2,4,10.5,1.8,0,240,24.2,,1011.9,
2021-03-13,6.8,3,10.8,8.4,0,230,26,,1005.8,
2021-03-14,4.1,2.3,7.1,4.1,0,258,18.7,,1011.5,
2021-03-15,4.5,2.6,8.8,5.8,0,266,15.6,,1014.1,
2021-03-16,4.4,3,7.7,1.4,0,280,14.3,,1021.9,
2021-03-17,3,-0.5,6.7,3.3,0,331,6.8,,1023.3,
2021-03-18,2.6,-0.7,7.3,0.6,0,352,5,,1023.1,
2021-03-19,2,-1.5,5.6,0.7,0,49,9.4,,1020.2,
2021-03-20,1.2,-1.8,4.6,0.1,0,50,8.8,,1027.4,
2021-03-21,4.1,1.7,6.8,0,0,262,11.1,,1021.9,
2021-03-22,4.9,3.3,6.9,0,0,316,7.9,,1023.3,
2021-03-23,5.1,0.1,8.4,0,0,293,3.9,,1026.7,
2021-03-24,6.2,-2.1,15.2,0,0,184,6,,1025,
2021-03-25,9.1,-0.2,17.7,0,0,220,9,,1021.6,
2021-03-26,10.8,3.1,18.4,1.2,0,190,8.1,,1020,
2021-03-27,9.1,6.2,11.8,0,0,249,20.4,,1024.1,
2021-03-28,10.5,5.8,16,0,0,,,,,
2021-03-29,12.5,4.9,21.2,0,0,208,7.5,,1032.1,
2021-03-30,13.7,2.9,24.1,0,0,108,5.7,,1031,
2021-03-31,15.1,5.4,25.5,0,0,173,6.9,,1024.4,
2021-04-01,15.2,5.7,23.1,0,0,256,8.7,,1019.4,
2021-04-02,9.4,5.1,14.4,0,0,11,10.9,,1020.6,
2021-04-03,6.7,1.5,12.3,0,0,359,9.8,,1023.9,
2021-04-04,6.3,-1.3,13.4,0,0,1,5.7,,1022.7,
2021-04-05,4.8,-1,10.3,2.2,0,255,18.3,,1011.9,
2021-04-06,0.9,-1.5,5.1,1.8,0,262,16.9,,1013.9,
2021-04-07,1.2,-0.7,3.6,0.1,10,269,20.2,,1018.4,
2021-04-08,4,-0.3,9.3,0,0,253,10.2,,1025.7,
2021-04-09,8.6,-1.8,16.2,0,0,189,11.3,,1018.2,
2021-04-10,13,11,16.3,0,0,177,10.6,,1014.2,
2021-04-11,12.9,3.9,18.9,12.7,0,221,12.2,,1011.1,
2021-04-12,4.2,-0.7,9.1,0,0,311,11.6,,1024.9,
2021-04-13,3.4,-2.2,10,0.1,0,7,8.8,,1030.3,
2021-04-14,3,-2.5,8.6,0,0,32,8.2,,1028.8,
2021-04-15,3.1,-3.3,10,0,0,44,10,,1027.2,
2021-04-16,3.6,-1.6,7.6,0,0,45,10.2,,1025.7,
2021-04-17,6.3,1.7,11.9,0,0,38,9,,1023,
2021-04-18,7.4,3.7,11.2,0.4,0,2,5,,1020.9,
2021-04-19,7.4,3.1,10.4,0.3,0,212,4.3,,1019.4,
2021-04-20,8.4,0.7,16.5,0,0,126,3.8,,1017.3,
2021-04-21,11.6,1.7,19.6,0,0,341,5.3,,1016,
2021-04-22,9.8,3.6,15.8,0,0,3,9.6,,1021.9,
2021-04-23,9.5,0.5,17.5,0,0,41,7,,1026.8,
2021-04-24,11.3,1.1,20.1,0,0,49,7.1,,1023.7,
2021-04-25,10.3,3.6,16.7,0,0,36,10.9,,1022.5,
2021-04-26,9.6,1.9,16.1,0,0,61,14.1,,1017.5,
2021-04-27,10.4,3.3,17.9,0,0,74,12.6,,1009.1,
2021-04-28,13.9,3.6,22.1,1.5,0,157,9.8,,1003.9,
2021-04-29,11.6,5.9,16.8,0.2,0,248,13.4,,1006.1,
2021-04-30,5.8,2,8.6,3.1,0,326,5.9,,1013.3,
2021-05-01,7.8,3.1,11.4,12.2,,18,5.6,,1012.8,
2021-05-02,8.4,3.7,13.2,0,,295,12,,1015.9,
2021-05-03,8.6,2.6,15.4,0,,230,8.8,,1021.3,
2021-05-04,11.1,6.9,16.3,8.4,,219,21.2,,1009.5,
2021-05-05,7.8,3.1,11.8,2.1,,253,19.9,,1008.8,
2021-05-06,7.9,5.8,9.9,9.8,,217,13.3,,1009.6,
2021-05-07,7.8,1.6,12.7,0.2,,280,15.3,,1013.9,
2021-05-08,10.6,-0.2,19,0,,157,9.4,,1018.2,
2021-05-09,19.9,6.8,30.2,0,,156,12.1,,1009.4,
2021-05-10,17.3,11.5,21.5,0,,265,11.1,,1008.1,
2021-05-11,13.2,11.4,16.8,12.1,,305,7.9,,1008.8,
2021-05-12,11.7,8.8,16.5,0.2,,276,10.1,,1012.4,
2021-05-13,11.9,7.3,19.1,1.8,,230,9,,1008.6,
2021-05-14,12.6,6.6,18.9,0.1,,238,9.9,,1009.2,
2021-05-15,11.7,7.7,16.5,6.4,,208,13.1,,1008.9,
2021-05-16,12.9,8.8,18.3,1.8,,222,12.7,,1005.8,
2021-05-17,11.1,8.8,13.9,6.8,,242,19.7,,1007.9,
2021-05-18,11.3,8.6,16.7,2.6,,253,15.5,,1014.5,
2021-05-19,11.6,7.3,18.2,0.1,,264,10.7,,1017.6,
2021-05-20,12.4,8.3,18.1,0,,244,10.9,,1020.8,
2021-05-21,13.7,11.1,16.6,1.7,,196,17.1,,1011.4,
2021-05-22,13.6,7.9,18.8,0.1,,234,19.2,,1009.9,
2021-05-23,12.6,6.4,18.5,0,,242,14.5,,1016.4,
2021-05-24,12.1,4.8,20.2,0.7,,174,10.1,,1013.4,
2021-05-25,11.5,8.4,15.9,0.9,,244,21,,1017.9,
2021-05-26,11,9,14.6,6,,223,17,,1016.8,
2021-05-27,11.5,6.3,15.7,3.8,,250,14.7,,1019.4,
2021-05-28,12.8,8.9,18.1,0,,352,6,,1022.7,
2021-05-29,14,6.5,21.2,0.2,,41,9.9,,1023.6,
2021-05-30,14.2,6.1,21.1,0,,62,12.8,,1025.1,
2021-05-31,15.4,7.9,21.9,0,,88,11.8,,1021.7,
2021-06-01,16.6,7,24.7,0,,105,11.9,,1017.6,
2021-06-02,19.2,7.8,28.1,0,,115,6.6,,1016.2,
2021-06-03,20.5,13,27.5,0,,185,5.2,,1020.9,
2021-06-04,20.1,13.7,27.6,1,,173,5.4,,1021,
2021-06-05,18.5,15.8,24.4,29.3,,225,7.5,,1020.2,
2021-06-06,16.7,14.7,19,1.3,,309,10.4,,1020.8,
2021-06-07,17.5,15.5,20.4,14,,358,7.6,,1020.4,
2021-06-08,19.1,15.3,25.3,0,,19,6.6,,1021,
2021-06-09,19.4,14.6,26,1,,357,4.4,,1021,
2021-06-10,19.7,13.7,26.7,0,,284,5,,1020.6,
2021-06-11,21.2,12.8,29,0,,274,4.2,,1019.2,
2021-06-12,20.7,14.2,27.3,0,,260,12.3,,1019.6,
2021-06-13,18.2,10.9,25.5,0,,358,7.4,,1025.5,
2021-06-14,19.9,9.6,28.2,0,,87,8.7,,1021.6,
2021-06-15,21.7,11.3,31.2,0,,57,5.4,,1018.2,
2021-06-16,23.8,14.3,32.2,0,,123,6.5,,1014.8,
2021-06-17,25.5,15.1,34.4,0,,155,6.4,,1013,
2021-06-18,25.5,15.5,34.3,0.3,,258,5.8,,1012.8,
2021-06-19,26.1,19.1,32.9,0.2,,244,5.4,,1014.2,
2021-06-20,24.3,16.6,29.6,7.8,,161,7.3,,1010.1,
2021-06-21,21.8,16,28.4,0.7,,248,7.8,,1008.1,
2021-06-22,18.7,15.5,22.9,4.3,,1,6.3,,1012.2,
2021-06-23,19.7,16.3,26.2,27.6,,38,5.8,,1017,
2021-06-24,18.3,15.7,23.3,8.4,,322,5.3,,1017.4,
2021-06-25,17.6,13.9,21.9,1.8,,259,9.4,,1018.8,
2021-06-26,19.8,13.2,26.5,0.1,,82,5.6,,1018.5,
2021-06-27,22.3,14.5,29.2,0.1,,97,8.6,,1015.3,
2021-06-28,23,16.2,30.7,30.5,,103,7,,1014.2,
2021-06-29,18,13.9,26.2,10.7,,263,8.5,,1012.8,
2021-06-30,15.9,13.1,20.2,5.5,,237,12.2,,1013.7,
2021-07-01,14.5,13,16.6,1.3,,258,15.2,,1016.4,
2021-07-02,17.6,12.7,23.6,0,,256,9.8,,1018.2,
2021-07-03,19.6,10.8,27.6,0,,189,5.3,,1016.2,
2021-07-04,18.9,14.1,24.8,10.7,,225,8.2,,1012.7,
2021-07-05,18.3,13.5,23.1,0.2,,194,10.2,,1012.5,
2021-07-06,18.7,14.8,27.5,5.2,,224,10.4,,1011.1,
2021-07-07,18.5,14.6,24.4,0.1,,155,3,,1017.5,
2021-07-08,18.5,15.6,23,18,,40,6.8,,1018.8,
2021-07-09,17,13.4,22,3.1,,284,12.3,,1020.6,
2021-07-10,19.6,11.3,26.8,23.4,,140,5.1,,1017.8,
2021-07-11,18.2,12.9,24.1,0,,262,8.2,,1016.7,
2021-07-12,20.7,11.2,27.9,1.5,,115,7.6,,1011.8,
2021-07-13,17,13.6,19.7,7.3,,238,9.8,,1008.5,
2021-07-14,16.2,12.8,22.2,2.1,,213,7.2,,1011.5,
2021-07-15,17.5,14.2,23,7.6,,199,7.2,,1012.8,
2021-07-16,19.3,14,26.3,0,,340,6.1,,1018.2,
2021-07-17,19.6,15.7,24.5,0.9,,342,9.3,,1021.1,
2021-07-18,20.6,12.8,28.3,0,,14,10.8,,1020.2,
2021-07-19,21.1,13.9,28.2,0,,20,8.2,,1018.7,
2021-07-20,19,12,26.6,0,,5,6.5,,1019.3,
2021-07-21,19.1,10.9,27.2,0,,42,7.4,,1021.6,
2021-07-22,20.2,12.2,27.9,0,,38,6.8,,1020.4,
2021-07-23,21,12.5,29.3,0.1,,29,5.4,,1016,
2021-07-24,20.6,15.4,29.1,46.7,,163,8.3,,1010.9,
2021-07-25,19.9,15.9,24.6,0.1,,208,4.8,,1010.6,
2021-07-26,19.5,16.2,26.2,11.5,,218,6.7,,1012.7,
2021-07-27,20.5,14.6,26.5,1,,217,5.4,,1014.4,
2021-07-28,19,16.3,24,2.4,,224,8.1,,1014.2,
2021-07-29,19.1,13.3,24.7,0,,244,12.8,,1014.7,
2021-07-30,20.6,11.5,27.8,0,,226,7.9,,1011.6,
2021-07-31,19.1,14.6,24.1,3.3,,255,13.3,,1011.2,
2021-08-01,17.3,14.5,22.3,1.1,,259,8.9,,1010.8,
2021-08-02,16.6,13,21.7,3.2,,248,9.3,,1014.9,
2021-08-03,16.1,12.8,21.5,12.2,,212,8.4,,1014.7,
2021-08-04,17.4,14.4,21.2,0,,221,6.4,,1013.9,
2021-08-05,18.7,13.8,23.9,3.3,,234,7.1,,1010.7,
2021-08-06,18.2,14.9,22.5,1,,221,13.3,,1008.1,
2021-08-07,16.8,13.6,21.7,5.9,,185,8.5,,1007.1,
2021-08-08,16.8,12,21.9,1.4,,232,14,,1013.4,
2021-08-09,17.8,10.9,24.9,0,,207,9.4,,1019,
2021-08-10,18.7,12,25.4,0,,214,7.9,,1018.7,
2021-08-11,20.5,13.8,28.2,0,,203,6.4,,1019.8,
2021-08-12,22,13.8,31.6,5.4,,150,5.4,,1020,
2021-08-13,23.1,16.6,30.2,0,,221,8.7,,1021.1,
2021-08-14,23,14.9,31.1,0,,253,5.9,,1021.1,
2021-08-15,22.1,15.4,30.8,0,,166,5,,1015.3,
2021-08-16,19.1,12.4,23.7,8.2,,261,16.4,,1013.4,
2021-08-17,14.3,10.1,18.7,2.4,,268,12.2,,1019.7,
2021-08-18,16.3,13.5,20.3,0,,252,14.6,,1018.1,
2021-08-19,18.4,15.7,21.9,0,,245,9.8,,1016.6,
2021-08-20,19.6,14.9,26.1,0,,243,7.1,,1017.6,
2021-08-21,20.6,12.8,28.9,24.3,,171,5.9,,1018.1,
2021-08-22,17.2,14.2,21.1,13.2,,242,12.2,,1018.3,
2021-08-23,16.9,13.2,23.1,0.1,,280,10,,1021,
2021-08-24,14.7,10.1,20.4,0,,51,11.8,,1023.8,
2021-08-25,15.9,9.9,22.8,0.2,,50,10.4,,1020.7,
2021-08-26,15.2,12.1,20.6,6.2,,276,11.5,,1013.9,
2021-08-27,14.7,11.5,18.8,0.7,,293,11.5,,1015.6,
2021-08-28,15,12.4,20,5.3,,295,7.7,,1017.4,
2021-08-29,13.9,12.6,15.7,13.3,,280,10.2,,1016.8,
2021-08-30,15.5,14.1,18.5,6.1,,320,12.1,,1016.1,
2021-08-31,15.8,10.8,21.4,0,,349,7.4,,1021.6,
2021-09-01,15.3,9.6,23.4,0,,56,6.7,,1025.7,
2021-09-02,16.3,8.8,24.3,0,,84,11.7,,1024.9,
2021-09-03,17.3,10,25.8,0,,91,9.2,,1020.2,
2021-09-04,17.6,9.2,26.6,0,,91,6,,1017.1,
2021-09-05,18.4,11.2,27.2,0,,95,4.4,,1019.5,
2021-09-06,18.2,10.2,27.3,0,,101,5.5,,1022.8,
2021-09-07,18.3,11.1,26.7,0,,94,5.2,,1022.9,
2021-09-08,19.4,11.7,27.4,0,,108,10.6,,1017.6,
2021-09-09,19.8,13.3,27.4,0,,189,9.4,,1013.9,
2021-09-10,19.4,14.5,25.6,0.1,,201,6.8,,1015.7,
2021-09-11,18.8,15.5,24,9.8,,223,6.4,,1018.6,
2021-09-12,17.1,11.9,23.7,0.1,,245,5.5,,1018.6,
2021-09-13,18.1,11.9,26.2,0,,82,4.1,,1017.6,
2021-09-14,19.7,13.2,27.2,1.3,,162,5.8,,1015.5,
2021-09-15,19.5,17.8,21.9,6.6,,202,9.1,,1014.1,
2021-09-16,16.1,11.1,18.8,5.2,,285,8.2,,1015.7,
2021-09-17,15,10.7,20.9,0.1,,291,4.3,,1016.7,
2021-09-18,15,8.3,22.6,0,,66,4.9,,1016,
2021-09-19,14.2,9.7,20.2,0,,63,10.8,,1014,
2021-09-20,13.6,11.7,17.4,0,,52,7.3,,1018.9,
2021-09-21,12.7,6.7,18.1,0.1,,46,7.4,,1027.1,
2021-09-22,11.5,4.9,19.3,0,,75,5,,1028.4,
2021-09-23,14.4,5.3,22.6,0,,202,10,,1021.4,
2021-09-24,15.3,10,22.4,0,,241,8.6,,1018.9,
2021-09-25,16.2,7.7,25.9,0,,175,5.7,,1017.6,
2021-09-26,17.3,12.5,22.8,2.7,,204,6.4,,1017.6,
2021-09-27,17.5,13.2,22.6,0.8,,204,6.8,,1018.3,
2021-09-28,13.8,10.4,18.5,0,,352,8.3,,1022.7,
2021-09-29,13.5,9.3,19,2.4,,227,13.5,,1020.6,
2021-09-30,10.1,5,16.4,0,,230,7.5,,1028.2,
2021-10-01,11.8,3.9,22.4,0,0,158,8.7,,1020.8,
2021-10-02,16.8,9.3,23.4,0.1,0,173,10.6,,1014.1,
2021-10-03,17.8,13.5,21,2.9,0,185,13.7,,1007.5,
2021-10-04,12.5,10.9,14.8,10.4,0,295,5.7,,1018.1,
2021-10-05,13,10.9,17.4,0.7,0,220,7.5,,1012.1,
2021-10-06,11.3,9.6,15.1,2.6,0,242,14.3,,1019.2,
2021-10-07,11.3,6.3,16.3,0,0,9,6.9,,1026.3,
2021-10-08,10.2,5.6,16.6,0,0,57,12.8,,1028,
2021-10-09,10,4.7,17.2,0,0,71,12.6,,1027.2,
2021-10-10,7.5,2,15.4,0,0,77,7,,1026.8,
2021-10-11,6.8,0.1,14.5,0.9,0,228,6.9,,1026.1,
2021-10-12,8.9,5.3,11.8,11.5,0,268,11.4,,1021.4,
2021-10-13,6.8,2.7,12.7,4.2,0,298,6.9,,1024.7,
2021-10-14,7.8,3.9,14.3,0,0,212,7.3,,1026.8,
2021-10-15,7.8,1.2,14.9,0,0,222,8.8,,1020.2,
2021-10-16,9.1,3.6,15,0,0,67,4.8,,1021.6,
2021-10-17,6.7,2,10,0,0,206,5.4,,1021.5,
2021-10-18,8.7,4.5,13.2,0,0,153,5.5,,1025,
2021-10-19,11.1,4.2,17.4,1.1,0,183,12.1,,1023.3,
2021-10-20,14.4,5.6,21.3,33.6,0,194,15.4,,1013.9,
2021-10-21,12.7,5.8,15.9,5.8,0,237,24.8,,1008,
2021-10-22,7.5,3.4,10.7,0.3,0,257,13,,1020,
2021-10-23,7.9,2.8,12.6,0,0,260,7.7,,1028,
2021-10-24,6.8,1,17.4,0,0,129,9.6,,1026.6,
2021-10-25,6.9,-0.2,18.5,0,0,166,6.3,,1021.8,
2021-10-26,10.5,5.6,14.7,0,0,228,8.8,,1023.9,
2021-10-27,9.3,3.4,16.8,0,0,164,6.8,,1026.1,
2021-10-28,7.5,1,15.5,0,0,150,7.5,,1021.3,
2021-10-29,7,1.3,15,0,0,128,7.2,,1014,
2021-10-30,6.6,0.4,14,1,0,151,10.1,,1009.1,
2021-10-31,16.1,10.5,20.9,5.2,0,166,12.6,,1008.2,
2021-11-01,10.6,5.7,15.4,5.4,0,206,12,,1004.6,
2021-11-02,7.8,4.1,10.8,9.1,0,196,10.8,,1003.6,
2021-11-03,7.3,4.2,9.8,0.7,0,150,6.4,,1001.7,
2021-11-04,6.4,5.5,7.1,5.7,0,249,12.9,,1007.4,
2021-11-05,6.1,1.9,9,0.3,0,240,10.1,,1023,
2021-11-06,2.8,0.3,5.8,0,0,179,5.8,,1030.1,
2021-11-07,5.9,1.8,8.3,0.4,0,224,13.1,,1021.9,
2021-11-08,6.3,2.1,10.5,0,0,234,5.4,,1024,
2021-11-09,4.5,-0.4,11.1,0,0,90,10.4,,1027.1,
2021-11-10,2.5,-1.6,8.9,0,0,128,5.8,,1025.5,
2021-11-11,1.3,-0.8,3,0,0,187,3.9,,1025.1,
2021-11-12,1.3,-0.2,2.7,0,0,144,4.3,,1020.9,
2021-11-13,4.1,0.9,7,3.4,0,186,6.5,,1016.1,
2021-11-14,8.5,6.2,11,0,0,75,9.9,,1019.7,
2021-11-15,7.4,6.8,8.2,0,0,68,11.8,,1022.9,
2021-11-16,6.1,5.3,7.1,0.2,0,243,3.9,,1022.5,
2021-11-17,5.4,4.9,5.9,1.1,0,241,8.7,,1024.3,
2021-11-18,6.4,5.2,7.9,0,0,248,8,,1031,
2021-11-19,6.1,5.4,6.9,0,0,225,8.7,,1032.6,
2021-11-20,7.2,4.6,9.3,0,0,171,5.5,,1026.4,
2021-11-21,4.1,3.3,4.7,1.7,0,215,7.5,,1014.8,
2021-11-22,5,0.5,7.3,0.3,0,38,12,,1021,
2021-11-23,0.9,-3.3,6.6,0,0,69,10.2,,1029.5,
2021-11-24,1.7,-3.5,7,0,0,89,9.6,,1022.2,
2021-11-25,1.2,0.7,2.2,0,0,270,5,,1012.1,
2021-11-26,1.9,0.7,3.8,1.9,0,220,10.2,,1002.7,
2021-11-27,2.4,-1.1,5.8,4.6,0,198,12.1,,993.2,
2021-11-28,1.3,0.1,3.1,1.5,0,223,6.7,,998.4,
2021-11-29,1.3,0.5,2.5,1.5,0,271,14.3,,1008.5,
2021-11-30,2.6,0.6,5.9,13.7,0,245,23.3,,1014.4,
2021-12-01,7.2,4.9,9.4,3.7,0,227,22.3,,1003.6,
2021-12-02,3.6,0.6,5.7,3.7,0,265,14.5,,1003.3,
2021-12-03,1.7,-0.4,3.6,5.3,0,230,12.9,,1014.1,
2021-12-04,5.5,2.4,9.3,11.8,0,206,17.3,,1000.6,
2021-12-05,2.9,0,5.3,0.6,0,194,9,,1006.1,
2021-12-06,1.6,-0.1,3.6,0.8,0,219,5.2,,1014.5,
2021-12-07,3,0.4,5.8,3.5,0,205,15.3,,1011.4,
2021-12-08,4,1.2,5.6,2.7,0,215,10.2,,1002.2,
2021-12-09,3.1,2.2,3.8,1.7,0,250,11.7,,1007.2,
2021-12-10,2,-0.6,4.2,3.8,0,177,14.5,,998.4,
2021-12-11,2.8,1.5,4,0,0,266,13,,1015.3,
2021-12-12,4,1.4,5.9,0.2,0,206,10.3,,1027.9,
2021-12-13,6,4.5,7.4,0,0,202,5.1,,1029.5,
2021-12-14,5.3,4.8,6.1,0,0,236,6.8,,1029.9,
2021-12-15,5.7,4.9,7.4,0,0,155,3.2,,1033.3,
2021-12-16,4.7,1.3,7.3,0,0,177,3.8,,1037.5,
2021-12-17,4.3,1.9,7.3,0,0,58,7.3,,1039.3,
2021-12-18,3.4,2.5,4.5,0,0,90,6.1,,1038.4,
2021-12-19,2.7,2,3.5,0.1,0,251,8.9,,1031.5,
2021-12-20,2.2,-2.6,6.4,0,0,67,6.4,,1027,
2021-12-21,-1.8,-5.3,2.9,0,0,83,9.2,,1026.2,
2021-12-22,-3.3,-6.7,2.5,0,0,117,9.1,,1026,
2021-12-23,-1.8,-6.6,9.3,0,0,192,10.8,,1016.6,
2021-12-24,8.6,7.5,9.7,21.1,0,239,12.3,,1008.7,
2021-12-25,5.4,2.3,8.8,9,0,193,9.2,,1006.3,
2021-12-26,4.1,2.1,6.4,2.7,0,118,7.8,,1007.6,
2021-12-27,7.9,5.1,11.4,4.1,0,170,12.7,,1004.3,
2021-12-28,8.9,7.7,10.8,11.7,0,208,20.2,,1000.4,
2021-12-29,9.5,8.5,13.2,3.4,0,239,19.4,,1009.3,
2021-12-30,13.5,12.5,15.1,0.3,0,253,17.8,,1019.8,
2021-12-31,11.3,7.9,14.2,0.2,0,221,11.1,,1024,
2022-01-01,9.7,3.8,14.8,0,0,201,8,,1027,
2022-01-02,7,1.9,13,0.2,0,199,12.2,,1020,
2022-01-03,10.8,8.7,13.2,6.3,0,244,22,,1016.1,
2022-01-04,8.4,3.8,12.2,27.6,0,234,17.2,,1001.1,
2022-01-05,3.3,2.2,6.2,0.1,0,252,19.2,,1008.3,
2022-01-06,1.9,-1.6,4.4,0,0,259,11.1,,1019.4,
2022-01-07,0.8,-1.7,3.2,3.1,0,192,12.4,,1018.5,
2022-01-08,2.9,1.1,4.8,4.9,0,211,18.1,,1011.2,
2022-01-09,3.6,0.7,5.8,3.1,0,233,18.1,,1002.7,
2022-01-10,1.6,0.1,4.5,0,0,309,4.7,,1021.3,
2022-01-11,2,-0.6,4.7,0,0,64,6.1,,1033.4,
2022-01-12,-1,-4,2.9,0,0,92,4.4,,1039.4,
2022-01-13,-0.1,-3.7,6,0,0,122,3.1,,1041.4,
2022-01-14,-0.1,-3.4,5.6,0,0,192,4.9,,1036.4,
2022-01-15,-0.3,-3.4,2.9,0,0,100,9.7,,1029.8,
2022-01-16,0.6,-1,2.7,0.1,0,231,12.8,,1028.6,
2022-01-17,2.8,1.5,4.7,0.8,0,256,16.8,,1034.7,
2022-01-18,4.3,2.5,6.6,0,0,42,6.8,,1037.7,
2022-01-19,2.1,-2.3,5.3,0.1,0,201,13,,1028.6,
2022-01-20,2.1,-0.3,3.7,1,0,276,16.5,,1026.6,
2022-01-21,1.1,-1,2.8,0.1,0,270,11.6,,1033.3,
2022-01-22,3.1,1.9,4,0.7,0,264,13.5,,1033.9,
2022-01-23,3.6,0.1,5.8,0,0,39,6.3,,1035.7,
2022-01-24,2.2,-1.6,6.1,0,0,103,10.4,,1034.5,
2022-01-25,-1,-4,0.7,0,0,207,5.5,,1033.9,
2022-01-26,-0.6,-1.5,-0.2,0,0,244,9.1,,1033.9,
2022-01-27,0.2,-1.9,2.6,0.5,0,246,16.9,,1030.3,
2022-01-28,3.6,2.4,5.7,0,0,263,17.2,,1034.1,
2022-01-29,4.6,2,7.2,1.2,0,242,19.9,,1030.9,
2022-01-30,5.2,1.2,6.8,0,0,261,17.3,,1028.5,
2022-01-31,3.5,1,5.4,8.4,0,251,20.7,,1014.2,
2022-02-01,3.5,2,6.4,6.2,0,266,20.4,,1018.9,
2022-02-02,6.7,4.1,9.3,0.8,0,278,18.3,,1019.5,
2022-02-03,7.6,5,9.9,0.5,0,223,8.4,,1019.9,
2022-02-04,6.5,3.4,8.5,1.2,0,235,17.1,,1015.6,
2022-02-05,4.1,1.7,7.7,0,0,252,16.9,,1023.7,
2022-02-06,5.3,3.1,7.1,28.1,0,230,26.4,,1014.2,
2022-02-07,3.6,1.7,6,0,0,273,20.9,,1021.3,
2022-02-08,5.5,1.8,8.5,0.2,0,228,13.3,,1032.5,
2022-02-09,8,2.1,13.6,0,0,200,8.7,,1029.2,
2022-02-10,5.4,-0.5,9.3,1.3,0,215,14.3,,1023.9,
2022-02-11,2.8,-2.1,6.5,0.8,0,257,14,,1029.4,
2022-02-12,1,-4.2,7.2,0,0,122,9.6,,1030.8,
2022-02-13,5.5,-2.7,12.5,0,0,176,12.9,,1019.7,
2022-02-14,9.1,6.7,12.8,1.3,0,188,12.3,,1009.3,
2022-02-15,6.3,4.8,8.8,1.3,0,218,14.2,,1014.4,
2022-02-16,8.4,5.4,14,11.9,0,213,22.1,,1008.9,
2022-02-17,10.3,7.8,14.1,1.7,0,255,31.2,,1009.1,
2022-02-18,10.9,7.5,15.4,0.3,0,233,22,,1009.8,
2022-02-19,6.2,3.8,8.7,0,0,244,20.5,,1017.3,
2022-02-20,7.7,4.8,10.2,4.4,0,230,24.9,,1015.8,
2022-02-21,6.4,3.9,10.3,1.6,0,255,30.1,,1006.7,
2022-02-22,6.6,3.9,9.1,2.2,0,260,20.9,,1020.6,
2022-02-23,7.4,2.9,12.3,0,0,227,11.3,,1025.7,
2022-02-24,8.3,2.5,13.1,0.9,0,209,17.6,,1017.3,
2022-02-25,3.6,1,6.9,0.5,0,258,17,,1025.2,
2022-02-26,2.3,-0.7,6.2,0,0,1,6.1,,1034.1,
2022-02-27,2.9,-1.3,7.9,0,0,92,14.1,,1032.7,
2022-02-28,3,-4.1,9.7,0,0,93,10.8,,1032.4,
2022-03-01,2.5,-3.2,7.9,0,0,106,11.6,,1030,
2022-03-02,1.9,-3.4,6.7,0,0,105,6.9,,1024.1,
2022-03-03,2.7,-4.8,10.7,0,0,78,8.2,,1018.8,
2022-03-04,2.8,-2.9,8.7,0,0,74,11.4,,1020.4,
2022-03-05,1.7,-4.2,7.5,0,0,89,12.1,,1021.5,
2022-03-06,2,-1.7,5.6,0,0,62,11.7,,1022.9,
2022-03-07,0.8,-3,4.6,0,0,73,13.5,,1025.3,
2022-03-08,2.5,-4.5,9.7,0,0,99,14.5,,1023.6,
2022-03-09,3.9,-4.6,13.2,0,0,117,7.6,,1025.1,
2022-03-10,6.5,-2.6,15.1,0,0,114,12.2,,1025.1,
2022-03-11,6.8,0.1,13.7,0,0,113,14.9,,1020.5,
2022-03-12,7,0.9,14.3,0,0,96,9.6,,1020.2,
2022-03-13,7.8,-1,16.3,3.4,0,113,8.9,,1016.8,
2022-03-14,8.5,3.8,13.3,0.8,0,233,12.3,,1027.1,
2022-03-15,6.8,3.1,11.4,3,0,157,8.1,,1026.1,
2022-03-16,9.4,5.4,14.3,0,0,101,11.8,,1025.2,
2022-03-17,9,7.4,11.3,0.7,0,60,10.8,,1027.7,
2022-03-18,8.3,5.5,12,0,0,48,19,,1037.6,
2022-03-19,6.8,3.1,12.1,0,0,65,19.3,,1036.5,
2022-03-20,9.8,2.8,17.1,0,0,118,12.9,,1029.8,
2022-03-21,8.9,1.8,16.4,0,0,94,8.9,,1032.5,
2022-03-22,8.8,-0.6,18.4,0,0,92,7,,1031.9,
2022-03-23,9.7,0.3,19.5,0,0,55,4.6,,1030.5,
2022-03-24,10,0.2,20.3,0,0,13,4.4,,1028.1,
2022-03-25,10.6,0.9,19.4,0,0,58,7.3,,1027.5,
2022-03-26,11.1,3,18.8,0,0,65,11.5,,1029.3,
2022-03-27,12.2,3,20.7,0,0,,,,,
2022-03-28,12.1,4.1,20.5,0,0,209,7.8,,1022.9,
2022-03-29,11.4,4,17.5,1.2,0,189,5.4,,1011.3,
2022-03-30,8.7,5.3,10.9,4.7,0,21,8.6,,1002.4,
2022-03-31,6.5,4.2,10.4,12,0,49,9.8,,997.1,
2022-04-01,1.7,-0.2,4.4,6.6,0,8,13,,1000.2,
2022-04-02,0.2,-0.4,1.5,2.7,10,26,16.4,,1011.2,
2022-04-03,1.2,-1.5,5.9,0,10,30,7.4,,1021.1,
2022-04-04,3.7,-2.6,8.7,2.9,0,219,17.2,,1018.2,
2022-04-05,6.8,4,9.5,7.1,0,246,18.9,,1011.5,
2022-04-06,11.4,9,15.4,0.2,0,237,16.2,,1007.1,
2022-04-07,11.1,9,14.6,4.3,0,229,25.6,,997.8,
2022-04-08,6.1,0.2,9,33.7,0,245,17.8,,999.7,
2022-04-09,4.3,0.2,9.9,0.1,10,291,16.1,,1010.5,
2022-04-10,4,0.2,8.9,0,0,275,10.9,,1021.6,
2022-04-11,8.8,-0.8,16.9,0,0,120,9.6,,1018.8,
2022-04-12,14.3,3.8,23.4,0,0,124,10.8,,1013.9,
2022-04-13,16.3,7.7,24.5,0,0,100,7.2,,1015.4,
2022-04-14,14.7,6.9,21.4,0,0,295,7.7,,1019.3,
2022-04-15,13.7,7.3,20.3,0,0,4,7.8,,1024.1,
2022-04-16,9.4,4.6,14.8,0,0,58,13.9,,1029.5,
2022-04-17,9,0.6,16.3,0,0,85,12.6,,1027.5,
2022-04-18,10.2,1.9,17.3,0,0,84,10.4,,1019,
2022-04-19,11.3,2.1,18.8,0,0,55,9.4,,1013.5,
2022-04-20,10.1,2.1,15.9,0,0,77,14,,1014.3,
2022-04-21,10.6,3.8,16.1,0,0,67,13.3,,1010.4,
2022-04-22,12.4,5.6,19.8,0,0,60,13.8,,1003.8,
2022-04-23,11.7,6.7,15.4,1,0,90,17.4,,1002.5,
2022-04-24,9,7.6,10.8,11.8,0,256,13.1,,1000.7,
2022-04-25,11,7.4,14.6,14.5,0,201,4.4,,1009.5,
2022-04-26,9.7,7.7,13.6,2.4,0,260,8.4,,1015,
2022-04-27,11.1,6.2,16.6,0,0,51,8,,1022.8,
2022-04-28,12.6,4,19.9,0,0,83,9.4,,1026.7,
2022-04-29,13,4.4,20.5,0,0,95,6.8,,1025.4,
2022-04-30,10.1,8.7,13.1,0.1,0,338,6.8,,1022.4,
2022-05-01,11.7,8.3,17.2,0.2,,358,3.6,,1021.2,
2022-05-02,13.3,7.4,19.9,0,,68,6.6,,1016.9,
2022-05-03,14.4,6.9,20.9,0.1,,63,5.2,,1015.2,
2022-05-04,13.9,8.1,20.7,1.1,,237,4.6,,1016.3,
2022-05-05,13.2,9.3,18,0,,291,5.6,,1020,
2022-05-06,14.7,8.4,19.9,0,,25,9.4,,1023.2,
2022-05-07,14.9,5.9,22.5,0,,50,8,,1022.1,
2022-05-08,15.7,6.5,23.1,0,,68,8.7,,1022.6,
2022-05-09,17.5,9.9,25.4,0,,73,9.7,,1024.4,
2022-05-10,18.9,10.1,26.4,0,,189,8.6,,1020.8,
2022-05-11,22.7,14.9,29.2,0,,201,13.8,,1015.5,
2022-05-12,20.3,17.6,24.3,0,,245,14.7,,1017.7,
2022-05-13,18.3,10.3,23.4,0,,264,11.4,,1020.1,
2022-05-14,16.6,7.8,25,0,,248,5.4,,1021.2,
2022-05-15,19.2,9.3,28,0,,88,8.3,,1018.3,
2022-05-16,18,12.1,25.4,0.2,,216,10.9,,1017.7,
2022-05-17,19.1,11.4,27,0,,306,5.5,,1021.5,
2022-05-18,21.3,11.8,28.7,0,,117,8.8,,1022,
2022-05-19,22,12.3,31.1,0.5,,182,11.2,,1021.2,
2022-05-20,21.7,14.7,31.6,8.1,,207,13.3,,1019.4,
2022-05-21,16.5,10.6,22.3,0,,277,13.4,,1021.6,
2022-05-22,18,8.6,25,2.6,,102,5.6,,1015.3,
2022-05-23,18.4,14.1,23.3,10.1,,159,10.5,,1004.7,
2022-05-24,16.5,12.9,20.6,0.3,,257,14,,1008.5,
2022-05-25,16.8,11.8,22.1,0,,254,9,,1016.4,
2022-05-26,16.8,14.2,20.7,0,,242,13.4,,1022.3,
2022-05-27,15.5,12.5,19.1,0,,255,15.8,,1021.9,
2022-05-28,13.3,6.4,18.7,0,,306,9.8,,1019.6,
2022-05-29,11.7,5,16.5,0,,2,7.7,,1013.5,
2022-05-30,11.9,3.3,19.8,0,,23,5.2,,1012.2,
2022-05-31,15.5,6.2,23.1,0.1,,193,11,,1012.8,
2022-06-01,17.3,8.4,24.3,0,,235,11,,1015,
2022-06-02,17.3,9.2,24.3,0,,48,8.3,,1019.2,
2022-06-03,20,11.6,28.4,0.2,,99,7.6,,1016.4,
2022-06-04,19.1,13.4,26.1,6.1,,44,6.6,,1017.4,
2022-06-05,18,14.7,24,8.6,,154,12.3,,1015.1,
2022-06-06,18.4,14.4,23.9,0.2,,245,11.9,,1017.3,
2022-06-07,17.9,14.3,23.5,0.1,,239,9.3,,1015.4,
2022-06-08,17,12.6,24.1,21.8,,219,10.6,,1011.2,
2022-06-09,15.7,10.8,21.6,0,,277,12.5,,1015.1,
2022-06-10,17.5,8.6,25.5,0,,218,5.4,,1023,
2022-06-11,19.8,10.3,28,0,,207,6.6,,1022.8,
2022-06-12,21.8,12.4,29.8,4.7,,245,7.5,,1020.9,
2022-06-13,18.5,13,24.3,0,,301,12.3,,1020.4,
2022-06-14,19.1,10,27.4,0,,64,6.2,,1021,
2022-06-15,22.2,11.6,31.2,0,,179,6.8,,1017.1,
2022-06-16,22,13.6,29.3,0,,272,10.1,,1017.8,
2022-06-17,21.1,11.4,30.7,0,,55,4.7,,1023.8,
2022-06-18,25,13.5,34.8,0,,171,8.1,,1018.9,
2022-06-19,27.6,17,36.1,0,,202,13,,1009.7,
2022-06-20,20.4,10.6,25.7,0,,297,12.9,,1011.1,
2022-06-21,19.9,8.3,29.1,0,,109,8.5,,1013.5,
2022-06-22,19.8,16.5,23,0.9,,187,5.1,,1011,
2022-06-23,23.7,15.4,31,5.6,,118,5.2,,1011.6,
2022-06-24,19.7,15.1,27,6,,226,9.3,,1010.2,
2022-06-25,20.8,13.6,29,0,,175,5.4,,1013.5,
2022-06-26,23.3,16.1,30.7,10.9,,332,6.4,,1013.7,
2022-06-27,18.8,16.2,23,0.7,,261,11.8,,1015.4,
2022-06-28,20.3,13.9,26.5,0,,39,8.2,,1019.4,
2022-06-29,21.7,15.2,28.8,0,,101,5.4,,1013.6,
2022-06-30,22.6,14.4,31.6,17.2,,171,5.3,,1011.4,
2022-07-01,15.4,12.3,20.5,4,,250,10.2,,1019.2,
2022-07-02,19.3,10.6,26.1,0,,122,9,,1021.8,
2022-07-03,22.4,13.9,29.9,0,,223,10.2,,1018.2,
2022-07-04,21,14.3,27.7,0,,302,6.8,,1018.9,
2022-07-05,20.3,11.1,28,0,,276,6.6,,1020,
2022-07-06,18.2,12.3,23.8,0,,314,9.7,,1022.9,
2022-07-07,17,12.4,21.6,0.6,,268,12.2,,1022.5,
2022-07-08,17.6,11.2,24.4,0,,320,9.4,,1028.8,
2022-07-09,19,9.9,26.7,0.2,,260,8.5,,1025.8,
2022-07-10,17.4,13.9,22.8,0,,339,11.8,,1023.7,
2022-07-11,19,14.3,26,0,,327,6.3,,1023.1,
2022-07-12,20.4,12.2,28.8,0,,50,6.8,,1024.1,
2022-07-13,23.3,13.5,31.7,0,,202,7,,1021.8,
2022-07-14,24,14.9,33.1,0,,250,12.6,,1017.5,
2022-07-15,19.5,11.8,26.9,0,,0,8.7,,1020,
2022-07-16,19.2,9.3,27.6,0,,348,8.4,,1022,
2022-07-17,21,10.7,30.3,0,,49,8.2,,1024.9,
2022-07-18,23.6,11.2,34.8,0,,57,5.4,,1023,
2022-07-19,26.7,14.4,36.1,0,,117,10.6,,1018.4,
2022-07-20,26.7,17.8,36.2,8.9,,201,11.9,,1016.4,
2022-07-21,22.5,17,29,0,,256,11.4,,1020.1,
2022-07-22,23.8,14.7,32.4,0,,8,5.3,,1017.9,
2022-07-23,23.7,18.4,30,2.2,,294,9.2,,1017,
2022-07-24,24.4,16.2,32.7,0,,160,4.3,,1018.5,
2022-07-25,26.2,17.7,34.7,0.7,,211,14,,1012.3,
2022-07-26,22.1,15.4,27.9,0,,276,12.6,,1015.3,
2022-07-27,20,13.5,27,0,,19,9.4,,1016.2,
2022-07-28,22.3,14.2,30.2,1.2,,67,10.9,,1014.5,
2022-07-29,21.5,14.3,29.6,0,,168,8,,1014.8,
2022-07-30,21.3,13.9,29.2,0,,288,9.6,,1017.6,
2022-07-31,22.8,12.8,31,0,,226,8.3,,1017.5,
2022-08-01,23.4,17.1,30,0,,262,9.4,,1017.2,
2022-08-02,23.4,15.9,31.3,0,,216,4.5,,1018.2,
2022-08-03,25.6,14.2,35.6,0,,142,4.4,,1015.8,
2022-08-04,28.3,16.4,37.9,0,,168,7.4,,1013.4,
2022-08-05,25,19.2,32.3,1.5,,277,10.5,,1015.2,
2022-08-06,20.3,14.8,26.6,0,,27,11.7,,1023.3,
2022-08-07,21,12.9,29.2,0,,60,12.5,,1021.6,
2022-08-08,21.5,10.6,30.5,0,,61,9.4,,1021.4,
2022-08-09,22.7,12.7,30.9,0,,78,13.4,,1023.1,
2022-08-10,22.8,14.3,30.3,0,,88,15,,1023,
2022-08-11,23.2,14.7,30.8,0,,82,13.5,,1020.3,
2022-08-12,22.9,13.6,29.6,0,,83,14.1,,1017.9,
2022-08-13,22.3,13.1,31.3,0,,77,10.8,,1015.5,
2022-08-14,24,13.1,33.5,0.1,,115,8.7,,1008.8,
2022-08-15,21.6,16.5,29.1,0.5,,242,11.5,,1007,
2022-08-16,22.2,14.3,30.4,0,,216,6.6,,1010.2,
2022-08-17,21.1,14.4,27.2,0.9,,113,6.4,,1010.6,
2022-08-18,22.2,17.5,28.9,0,,304,7,,1012,
2022-08-19,21.3,17.5,25.7,0,,299,9,,1013,
2022-08-20,20.5,14.1,27.3,0.3,,261,11.1,,1016.9,
2022-08-21,20,11,29.5,0,,284,5.8,,1016.5,
2022-08-22,20.8,10.4,29.7,0,,95,7.2,,1014.7,
2022-08-23,22.6,11.8,31.4,0,,111,7.4,,1016.5,
2022-08-24,23.3,13.8,31.8,0,,100,9.4,,1018.2,
2022-08-25,23.5,14.6,32,0,,98,9.2,,1015.8,
2022-08-26,22.3,16.3,32.8,4.1,,139,6.2,,1013.2,
2022-08-27,19.3,17.4,22.5,7.4,,312,5.8,,1014.3,
2022-08-28,20.1,14.9,26.8,0,,31,7.5,,1016.9,
2022-08-29,20.4,12.8,28.6,0,,39,8.4,,1019.1,
2022-08-30,21.7,13.4,29.7,0,,65,9.4,,1018.3,
2022-08-31,19.9,14.5,26.1,0,,63,9.7,,1018.8,
2022-09-01,17.9,13,24.9,0,,86,11.3,,1018.7,
2022-09-02,18.7,11.1,25.6,0,,101,14.4,,1015.6,
2022-09-03,18.6,15,25.3,3.7,,151,8.3,,1013.6,
2022-09-04,19.5,12.7,27.6,0,,198,5.4,,1019.1,
2022-09-05,21.1,11.9,30.5,2,,134,6.2,,1020.1,
2022-09-06,21.5,15.3,30,0,,184,6.7,,1017.1,
2022-09-07,22.4,16,29.2,1.2,,228,9.5,,1014.1,
2022-09-08,18.3,13.3,23.7,0.5,,216,12.3,,1011.5,
2022-09-09,17.2,13.2,23.2,9.7,,216,12.1,,1013.3,
2022-09-10,15.9,13.5,19.5,1.4,,233,13.7,,1015.7,
2022-09-11,16.9,11.6,22.3,0,,293,11.3,,1018.7,
2022-09-12,17.1,9.3,26,0,,136,5.6,,1016.3,
2022-09-13,19.1,10,26.4,18.5,,167,7.3,,1011.3,
2022-09-14,19.1,16.3,26.2,7.2,,216,10.5,,1006.7,
2022-09-15,16.3,13.4,18.7,25.3,,258,11.5,,1007.6,
2022-09-16,13,8.8,18,1.1,,272,10.2,,1011.2,
2022-09-17,10.1,7.8,14.2,6.8,,273,15.7,,1014.7,
2022-09-18,11.1,7.8,14.6,5.3,,260,19.7,,1016.7,
2022-09-19,10.2,6.9,15.7,1.5,,282,14.5,,1019.5,
2022-09-20,10.9,5.3,16.6,0,,293,8.1,,1023.1,
2022-09-21,10,3.1,17.8,0,,87,6.7,,1025.5,
2022-09-22,10.8,3.7,18.8,0,,93,9.2,,1023,
2022-09-23,11.6,3.8,19.7,0,,152,8,,1018,
2022-09-24,12.6,8.9,17.3,1.3,,171,5.7,,1013.1,
2022-09-25,12.8,10.4,16,1.1,,242,6.5,,1012.7,
2022-09-26,11.7,7.6,16.5,17.2,,227,12.1,,1007.9,
2022-09-27,9.5,7.9,11.7,10.9,,241,19.6,,1001.4,
2022-09-28,9.6,6.3,13.6,0.7,,238,12.4,,999.3,
2022-09-29,9.2,5.4,15,0,,174,4.9,,1003.3,
2022-09-30,9.4,3.9,16.8,0,,160,4.3,,1010.9,
2022-10-01,11.9,9.2,14.6,13.3,0,214,17.8,,1013.3,
2022-10-02,12.8,11.6,14.1,27.2,0,258,11.4,,1020.4,
2022-10-03,11.2,5.6,16.3,0,0,303,4.4,,1026.7,
2022-10-04,10.5,3.8,19.4,0,0,143,7,,1023.4,
2022-10-05,15,5.8,23.4,0,0,190,9.9,,1021.8,
2022-10-06,14.5,8.2,19.2,0,0,267,7.9,,1028.9,
2022-10-07,13.7,9,20.4,0,0,167,5.6,,1024.8,
2022-10-08,13.3,6.8,17.9,0,0,259,8.8,,1021.9,
2022-10-09,10.8,3.8,18,0,0,95,12.2,,1022.6,
2022-10-10,14,7,22,0.1,0,191,8.2,,1018.5,
2022-10-11,13.2,11.1,15.8,0,0,38,8.3,,1024.1,
2022-10-12,12.4,8.7,17.8,0,0,118,6.6,,1023.7,
2022-10-13,13.7,10.3,17.1,0.3,0,195,7.2,,1020.8,
2022-10-14,14.5,11.9,17.3,15.4,0,190,10.3,,1016,
2022-10-15,16.3,14.8,18.5,0.9,0,216,13.1,,1011.6,
2022-10-16,17.8,13.7,22.6,0,0,175,9.7,,1017.7,
2022-10-17,16.6,10.1,24.8,0,0,186,8,,1023.7,
2022-10-18,15.9,11.6,21.2,0.3,0,231,8.9,,1027,
2022-10-19,13.8,9.8,18.6,0,0,86,10,,1025.1,
2022-10-20,13,7.9,17.9,4.3,0,127,11.9,,1017.3,
2022-10-21,15.3,11.5,17.7,10.6,0,182,11.8,,1012.9,
2022-10-22,14.9,10.3,20.1,0,0,187,9.1,,1016.3,
2022-10-23,15.4,7.9,22,0.2,0,158,10.2,,1014.4,
2022-10-24,16.5,12.6,19.3,9.8,0,191,12.6,,1014.1,
2022-10-25,13.7,10.3,19,0.4,0,204,10.2,,1018.8,
2022-10-26,14.7,10.7,21.2,0,0,187,9.6,,1019.7,
2022-10-27,14.8,6.7,24.7,0,0,155,8.2,,1024.8,
2022-10-28,16.4,11.5,24.8,0,0,172,10.6,,1023.5,
2022-10-29,15.7,10.3,25.2,0,0,154,7.7,,1022.6,
2022-10-30,14.8,9.4,23.6,0,0,158,6.2,,1020.3,
2022-10-31,11.8,7.1,17.5,0.3,0,122,5.1,,1019.1,
2022-11-01,12.7,8.7,18,0.1,0,220,9.9,,1019.4,
2022-11-02,10.7,4.8,15.8,0,0,203,11.6,,1023.9,
2022-11-03,9.4,2.8,15.4,4.5,0,162,12.2,,1013.4,
2022-11-04,10,7.4,12.2,4.9,0,234,8,,1008.9,
2022-11-05,7.8,3.4,9.8,0.3,0,262,8.6,,1019.3,
2022-11-06,6.9,0.6,11.9,0.4,0,161,10.9,,1017.4,
2022-11-07,12,8.1,14.8,0,0,202,11.8,,1016.9,
2022-11-08,11.9,5.1,16.6,3.6,0,169,12.8,,1014.2,
2022-11-09,12.3,10.1,15.1,13.2,0,206,12.5,,1014.8,
2022-11-10,9.8,4.3,15.1,0,0,230,7.9,,1027.4,
2022-11-11,6.4,1.6,13.5,0.1,0,145,5.8,,1033.2,
2022-11-12,5.6,1.8,10.7,0,0,109,6,,1032.1,
2022-11-13,5.5,0.4,13.3,0,0,82,9.2,,1023.2,
2022-11-14,8.3,0.9,14.2,0.8,0,168,13.8,,1016.1,
2022-11-15,12.1,7.2,14.7,3.9,0,160,9.8,,1010.7,
2022-11-16,10.4,7.7,13.4,1.5,0,185,9.9,,1003.4,
2022-11-17,10.7,8.4,14,11.8,0,193,13.4,,997.7,
2022-11-18,8,6.8,9.3,9.2,0,243,13.2,,1003.5,
2022-11-19,4.5,2.3,7.5,9.5,0,276,9.7,,1010.8,
2022-11-20,5.8,2.5,8.7,8.1,0,239,15.4,,1011.9,
2022-11-21,6,4.1,9,0.5,0,209,15.1,,1005.3,
2022-11-22,6.8,5.3,8.9,0.1,0,201,10.8,,1000.6,
2022-11-23,7.7,5.2,10.8,4.7,0,179,11.6,,1004.7,
2022-11-24,7.6,2.8,10.4,2.4,0,226,13.6,,1014.4,
2022-11-25,5.3,1.4,8.5,0.1,0,209,9.7,,1019.7,
2022-11-26,5.5,-0.3,8.3,0,0,217,6.6,,1031.2,
2022-11-27,3,-2,10.2,0,0,139,10.7,,1025.4,
2022-11-28,4.8,2.1,7,3.3,0,169,9.3,,1014.6,
2022-11-29,6.4,5.6,7.2,1.5,0,331,6.2,,1017.5,
2022-11-30,5.4,2.9,7.2,0,0,54,7.2,,1022.3,
2022-12-01,3.9,2.5,5.5,0,0,43,9.5,,1024.1,
2022-12-02,3,2.3,4.2,1.3,0,53,9.7,,1020.4,
2022-12-03,2.4,1.5,3.5,0,0,73,10.5,,1018,
2022-12-04,2.7,1.6,3.6,0.5,0,65,7.5,,1014.4,
2022-12-05,3.6,2.6,5.1,0.8,0,223,7.6,,1019.2,
2022-12-06,3.5,2.7,4.1,0,0,263,8.5,,1019.8,
2022-12-07,3,1,4.2,0.1,0,248,9.2,,1018.1,
2022-12-08,1.6,-0.5,3.8,0,0,205,8.5,,1011.9,
2022-12-09,-0.6,-4,1.9,0,0,66,6.8,,1005.8,
2022-12-10,-0.2,-2.2,2.2,0,0,355,7.7,,1009,
2022-12-11,-1.4,-2.5,-0.9,0,0,267,5.7,,1012.6,
2022-12-12,-2.7,-6.3,0.8,0,0,144,5.3,,1013.8,
2022-12-13,-4.4,-7.7,-2.1,0,0,98,13.7,,1011.1,
2022-12-14,-2,-2.4,-1.1,1.5,0,131,8,,1003.4,
2022-12-15,-2,-2.7,-0.4,0.5,20,61,8.4,,1007.5,
2022-12-16,-2.2,-6.7,-0.3,0,20,0,6.7,,1012.5,
2022-12-17,-7.6,-10.5,-3.9,0,20,101,6.7,,1027,
2022-12-18,-6,-10.7,-1.7,0.2,20,126,11.6,,1030.5,
2022-12-19,0.6,-4.1,4.1,0,10,170,13.6,,1025.1,
2022-12-20,5.9,1.7,11.3,7.4,0,174,14.7,,1019.7,
2022-12-21,10.2,8.8,11.3,6.2,0,187,13.8,,1015.4,
2022-12-22,10.6,9.3,11.4,8.1,0,216,21.1,,1010.8,
2022-12-23,11.6,9.2,13.9,11,0,227,17.1,,1008.6,
2022-12-24,9.9,7.6,11.6,0.5,0,236,14.3,,1016.3,
2022-12-25,10.6,6.5,15.6,0,0,170,11.9,,1017,
2022-12-26,10.2,6.4,12.5,10.2,0,229,16.1,,1018.9,
2022-12-27,4.4,0.4,7.2,0,0,230,11.9,,1028.8,
2022-12-28,8,3.7,11.4,0,0,192,16,,1020.1,
2022-12-29,10.9,7.6,14,4.2,0,219,18.6,,1012.9,
2022-12-30,8.8,5.1,13.5,1.9,0,194,15.4,,1015.1,
2022-12-31,15.8,13,18.9,0,0,212,19,,1016.9,
2023-01-01,15,11.4,17.6,0,0,185,14,,1020.8,
2023-01-02,13.4,8.6,16.3,0,0,210,14.3,,1021.5,
2023-01-03,6.5,2.9,11.1,0,0,217,7.1,,1030.7,
2023-01-04,8.3,4.2,12.2,1.1,0,209,18.2,,1026.3,
2023-01-05,10.8,9,12.3,0.1,0,246,19.3,,1023.3,
2023-01-06,10.3,8.8,11.8,0.4,0,209,11.8,,1023.4,
2023-01-07,9.2,7.5,11.3,0.1,0,165,11.1,,1017.7,
2023-01-08,9.1,7.9,10.4,10.1,0,179,14.9,,1007.8,
2023-01-09,6.6,5.1,8.4,2.3,0,231,17.5,,1005.1,
2023-01-10,5.6,4.1,7.1,0.1,0,239,17.2,,1021.4,
2023-01-11,8.7,6.1,10.8,5.5,0,221,19.5,,1017.8,
2023-01-12,9.1,6.6,11.4,0,0,217,24.2,,1018.1,
2023-01-13,8.9,6.8,10.8,2.1,0,235,24.6,,1015,
2023-01-14,8.4,5.3,11.8,4.7,0,207,20.8,,1015.9,
2023-01-15,6.7,3.3,12.2,3,0,228,22.8,,1007.5,
2023-01-16,5,3,7.5,3.1,0,186,22.1,,993.4,
2023-01-17,2.4,-0.8,6,3.6,0,124,13.2,,988.9,
2023-01-18,-0.4,-2.5,0.9,0.8,20,313,10.6,,996.5,
2023-01-19,-0.6,-3.3,1.2,0.4,10,219,11.2,,1009.7,
2023-01-20,-0.1,-2.8,3.5,0,10,229,6.7,,1017.2,
2023-01-21,-1.7,-4,-0.2,1.1,10,37,13,,1025.8,
2023-01-22,0.1,-1.2,1.7,0.3,20,12,8.5,,1027.6,
2023-01-23,1.4,0,2.6,0,0,53,15.1,,1032.3,
2023-01-24,2.1,1.6,3.1,0,0,56,15.7,,1034.9,
2023-01-25,1.1,0.1,1.8,0,0,57,8.5,,1031.5,
2023-01-26,-0.6,-1.3,0.1,0,0,337,6.9,,1023,
2023-01-27,-0.2,-1.2,1.3,0,0,30,10.1,,1022.8,
2023-01-28,0.9,-0.7,2.2,0,0,44,10.9,,1027,
2023-01-29,-0.6,-2.1,1.4,0.1,0,211,7.7,,1029.2,
2023-01-30,1.4,-1.5,3.6,0,0,248,22.5,,1023.4,
2023-01-31,3.4,0.1,5.1,0,0,251,19.9,,1027,
2023-02-01,5.7,4.8,6.8,0.4,0,256,26.4,,1023.7,
2023-02-02,6.2,5.4,7.1,1.3,0,260,25.7,,1026.5,
2023-02-03,6.8,5.8,7.8,4,0,254,27.4,,1029.2,
2023-02-04,4.6,-0.7,7.4,0,0,8,11.4,,1035.2,
2023-02-05,1.7,-0.4,3.9,6.1,0,129,8.3,,1036.9,
2023-02-06,1.7,0,3.5,0,0,46,10.2,,1038.9,
2023-02-07,-0.8,-4.6,3.9,0,0,82,14.6,,1039.1,
2023-02-08,-1.4,-6,4.4,0,0,91,15.9,,1037.6,
2023-02-09,-2.3,-8.1,3.5,0,0,197,8.6,,1035.1,
2023-02-10,-0.4,-6.6,5.7,0,0,218,8,,1039.6,
2023-02-11,4.1,-1.5,8.4,0,0,236,10.2,,1038,
2023-02-12,5.7,0.9,10.9,0,0,119,8.3,,1038.8,
2023-02-13,3.2,-2.1,11.5,0,0,106,10.5,,1037.8,
2023-02-14,1.5,-2.7,7.6,0,0,112,7.2,,1035.1,
2023-02-15,1.1,-2.3,8.6,0,0,184,7.6,,1029.7,
2023-02-16,4.7,-4.1,13.3,0.5,0,201,9.1,,1027.6,
2023-02-17,11.2,9.6,13.2,0.7,0,229,20.4,,1026.2,
2023-02-18,11.7,8.3,13.6,5.5,0,253,24.4,,1024.8,
2023-02-19,9.1,8,10.8,0.4,0,253,21.6,,1025,
2023-02-20,9.6,6,14,0,0,243,16.3,,1026.8,
2023-02-21,8.8,1.6,16,0,0,228,7.5,,1020.8,
2023-02-22,7.6,1.2,13.4,2.4,0,213,7.3,,1014.8,
2023-02-23,9.9,7.8,13.5,1.1,0,242,7.3,,1014.3,
2023-02-24,7.7,4.5,10.6,0.1,0,268,11.3,,1008.8,
2023-02-25,3.2,-1.3,6.7,1.2,0,303,16.2,,1008.6,
2023-02-26,-0.8,-5.5,2.8,0,0,38,18.7,,1018,
2023-02-27,-0.1,-3.5,3.5,0,0,65,20.7,,1025.4,
2023-02-28,0.6,-2.6,5,0,0,63,17.4,,1026.6,
2023-03-01,1.7,-4.3,7.3,0,0,61,16.4,,1023.6,
2023-03-02,4.7,-0.7,11.2,0,0,56,12.8,,1018.9,
2023-03-03,3.2,-2.6,10.1,0,0,44,8.3,,1021.5,
2023-03-04,0.6,-4.6,2.8,0,0,321,9.2,,1023.8,
2023-03-05,3,1.7,4.7,0,0,277,9.3,,1017.4,
2023-03-06,3.2,1.6,4.9,0,0,236,12.3,,1008.5,
2023-03-07,4.7,1.9,6.7,0,0,235,19.1,,1003.7,
2023-03-08,7.1,1.9,11.9,17.4,0,207,18.9,,998.5,
2023-03-09,11,8.5,13.5,0.3,0,232,24.6,,999.1,
2023-03-10,8.5,3,11.3,8,0,228,27.1,,996,
2023-03-11,1.8,-3.4,5.8,0,0,288,13,,1011.2,
2023-03-12,5,-3.2,11.9,0.2,0,197,13.4,,1014.3,
2023-03-13,13.9,9.2,20.6,20.4,0,218,18.3,,1005.8,
2023-03-14,9,1.3,12.6,4.3,0,237,24.1,,1001.4,
2023-03-15,2.3,-1.2,5.5,0.2,0,253,12.6,,1018.8,
2023-03-16,5.2,-2.5,12,0,0,135,12.5,,1019.5,
2023-03-17,10.7,0.9,18.9,0,0,152,9.3,,1012.8,
2023-03-18,12.4,5.7,19.4,0.5,0,186,7.1,,1013.5,
2023-03-19,11.2,7.7,16.7,0.8,0,212,8.7,,1016.4,
2023-03-20,10.3,8.5,13.3,0,0,244,11.5,,1021,
2023-03-21,11,7.2,14.9,0.1,0,203,6.1,,1017.7,
2023-03-22,13.2,7.9,19.5,0,0,209,11.2,,1013.3,
2023-03-23,14.5,12.7,15.9,0.5,0,214,16.6,,1010.7,
2023-03-24,12.8,9,16.2,5,0,215,19.2,,1008.3,
2023-03-25,9.7,7,13.4,3,0,243,24.3,,1011.6,
2023-03-26,8.6,6.1,14,5.7,0,,,,,
2023-03-27,4.1,0.8,7.3,0.7,0,302,18.5,,1016.6,
2023-03-28,4.7,-1.9,9.2,0.2,0,243,9.6,,1027,
2023-03-29,11.4,5.7,16.9,1.8,0,196,12.7,,1019,
2023-03-30,13.5,10.8,16.4,7.2,0,222,19.7,,1013.2,
2023-03-31,11.3,8.4,15.3,6.2,0,216,21.6,,1005.3,
2023-04-01,9.4,8.7,10.4,4.3,0,231,22.9,,1004.4,
2023-04-02,7.4,3.6,11.1,0,0,309,14.5,,1015.5,
2023-04-03,4.2,0.2,7.8,0,0,56,16,,1027,
2023-04-04,2.6,-2.6,8,0,0,68,14.1,,1026.2,
2023-04-05,3.7,-3.2,10.2,0,0,72,7.5,,1022.6,
2023-04-06,6.6,-3.1,13.4,1.6,0,206,8.5,,1019.9,
2023-04-07,8.8,5.8,13.7,0,0,237,8.4,,1017.5,
2023-04-08,8.1,4.1,11.2,0,0,347,8.3,,1022.4,
2023-04-09,8.9,3.6,15,0,0,98,10.3,,1024.8,
2023-04-10,11.6,1.9,17.6,5,0,141,13.9,,1021.3,
2023-04-11,10.6,7.1,14.5,4.9,0,247,18,,1015.7,
2023-04-12,9.4,6.8,14.5,11.2,0,191,15.6,,1006.4,
2023-04-13,7.4,4.3,10.6,1,0,242,14.6,,1007.7,
2023-04-14,8.2,1.4,14.3,0,0,294,8.3,,1009.5,
2023-04-15,7.2,1.8,12.8,11.6,0,306,11.5,,1009.9,
2023-04-16,8.3,7.5,9.4,3.2,0,320,12.8,,1019,
2023-04-17,9.2,6.8,11.6,0.1,0,33,12.6,,1022.2,
2023-04-18,9.8,4.9,14.6,0,0,65,18.3,,1022.5,
2023-04-19,9,2.8,13.9,0,0,46,15.2,,1021.4,
2023-04-20,6,-0.6,10.2,2.1,0,76,13.8,,1015.3,
2023-04-21,10.8,2.5,19,0,0,126,8.5,,1012.4,
2023-04-22,15.2,7.9,23.2,2.3,0,171,9.2,,1010.5,
2023-04-23,14.1,10.7,20,1.7,0,206,11.4,,1009,
2023-04-24,10.5,7.4,13.3,0.8,0,242,18.5,,1009.1,
2023-04-25,8.3,4.9,12,2.6,0,270,10.9,,1013.4,
2023-04-26,7.8,1,13.9,0,0,326,7,,1018.8,
2023-04-27,10.7,1.8,17.8,0.8,0,139,8.1,,1018.7,
2023-04-28,12.2,8.4,16.8,23.1,0,202,13.7,,1014.2,
2023-04-29,12.9,10.7,15,0,0,301,12,,1016.4,
2023-04-30,13,8,17.7,0,0,70,14.2,,1019.5,
2023-05-01,12,7.3,16.6,0,,71,8.6,,1015.8,
2023-05-02,12.1,7.3,17.8,2,,307,10.5,,1021.6,
2023-05-03,12.4,5.4,19,0,,60,12.2,,1025.2,
2023-05-04,15.8,6,23.4,0,,108,13.2,,1020.1,
2023-05-05,16.5,10.7,22.8,5.5,,222,9.1,,1017.7,
2023-05-06,16.3,12.5,22.3,0,,295,6.9,,1017.6,
2023-05-07,16,10.2,24.1,7.7,,98,9.5,,1016.5,
2023-05-08,15.3,12.7,18.8,0.6,,108,9.9,,1020.6,
2023-05-09,16.3,11.6,22.2,18.9,,158,9.4,,1015.4,
2023-05-10,13.8,10.5,16.2,0.1,,250,14.7,,1012.7,
2023-05-11,11.7,10,14.1,1.7,,310,7.8,,1015,
2023-05-12,12.2,8.5,15.7,0.1,,72,10.8,,1014.8,
2023-05-13,12.1,6.1,17.2,0,,63,12.2,,1017.6,
2023-05-14,13.1,7.2,19.8,0,,30,9.5,,1015.3,
2023-05-15,13.5,8.5,20,6.5,,292,8.4,,1012.6,
2023-05-16,10.8,5,13.7,0.8,,342,14.2,,1016.1,
2023-05-17,9.1,2.9,15,0,,18,11.7,,1023.5,
2023-05-18,12,4.3,19,0,,62,15,,1023.6,
2023-05-19,12.5,6.9,16.8,0,,65,14,,1021.6,
2023-05-20,17.4,10.1,24.1,0,,55,15.9,,1016.5,
2023-05-21,19.4,13.2,26.9,0,,78,10.2,,1012.7,
2023-05-22,20.3,10.9,28.4,0,,269,8.5,,1013,
2023-05-23,16.8,12.1,21.2,0,,315,13.3,,1016.5,
2023-05-24,12.1,7.3,17.7,0,,24,10.9,,1020.8,
2023-05-25,15.5,7.3,22.7,0,,45,15.2,,1022.6,
2023-05-26,17.1,10.5,23.7,0,,43,13,,1024.2,
2023-05-27,17.3,10.5,24.1,0,,66,14.7,,1022.7,
2023-05-28,17.2,7.5,25.3,0,,63,11.2,,1017.9,
2023-05-29,18.6,9.4,25.9,0,,52,14.2,,1018.1,
2023-05-30,18,12,24.3,0,,45,16.8,,1020.5,
2023-05-31,18.6,10.7,25.8,0,,67,17.1,,1020.1,
2023-06-01,19.6,9.8,27.4,0,,35,10.8,,1017.3,
2023-06-02,17,10.7,23.5,0,,26,11.7,,1016.7,
2023-06-03,17.9,10.1,25.2,0,,65,14.8,,1016.8,
2023-06-04,18.5,10.8,25.5,0,,58,13.2,,1017.8,
2023-06-05,19.3,9.5,26.4,0,,56,13.3,,1017.1,
2023-06-06,18.5,10.4,25.4,0,,47,10.7,,1017.3,
2023-06-07,18,9.9,26,0,,39,6,,1016.8,
2023-06-08,17.7,10.5,26.9,4.5,,75,9.6,,1014.4,
2023-06-09,20,10.4,27.9,0,,84,14.2,,1012.8,
2023-06-10,21.9,13.4,29.1,0,,70,13.9,,1013.2,
2023-06-11,22.2,15.3,28.7,0,,85,15,,1015.3,
2023-06-12,21.6,14.8,27.6,0,,82,16.1,,1014.7,
2023-06-13,19.7,12.2,26.4,0,,83,16.6,,1012.6,
2023-06-14,18.7,10.5,25.5,0,,61,13.2,,1014,
2023-06-15,19.4,11.1,27,0,,40,10.9,,1017,
2023-06-16,19.3,10.8,27.6,0,,311,9.4,,1016.9,
2023-06-17,20.3,9.9,28.9,0,,231,8.2,,1015.5,
2023-06-18,22.7,11.2,32,0,,171,6.9,,1013.4,
2023-06-19,24,18.3,30.5,2.6,,213,9.8,,1013.5,
2023-06-20,24.7,17.4,32.9,2.8,,198,8.2,,1013.3,
2023-06-21,21.4,16.7,27.6,3.2,,227,8.2,,1017.3,
2023-06-22,24.7,17.4,32.2,3.3,,100,13.1,,1014.7,
2023-06-23,19.8,14.3,25.9,0,,288,20.6,,1020.7,
2023-06-24,20.9,11.3,29,0,,92,7.5,,1024.1,
2023-06-25,23.1,13.6,31.4,0,,93,9.1,,1018.8,
2023-06-26,22.9,13.9,30.3,0,,239,15.2,,1016.3,
2023-06-27,19.9,15.6,24.4,0,,309,10.4,,1019.8,
2023-06-28,19.9,13.5,26.9,0,,304,6.8,,1018.6,
2023-06-29,20.8,11.8,27.9,0,,181,7.3,,1015.1,
2023-06-30,19.7,14.9,24.1,0.2,,253,10.2,,1011.8,
2023-07-01,18.9,14.6,24.9,1.2,,239,14.2,,1010.5,
2023-07-02,19.8,15.6,25.4,0,,260,19.2,,1012.2,
2023-07-03,19.4,16.1,24.5,0,,246,17.9,,1014.4,
2023-07-04,20.8,15.4,27.4,0.1,,231,12.1,,1015.1,
2023-07-05,19,13,23.4,4.9,,234,17.8,,1014.4,
2023-07-06,19.2,10.9,26.7,0,,247,7.6,,1018.5,
2023-07-07,22.9,10.4,32,0,,111,9.8,,1019.3,
2023-07-08,25.7,15.4,33.9,0,,140,8.8,,1018.5,
2023-07-09,27.1,15.8,36.8,0,,173,7.1,,1019.6,
2023-07-10,26,18.3,31.6,0,,260,13.3,,1020,
2023-07-11,25.8,15.5,36.2,9.9,,180,8.9,,1015.5,
2023-07-12,23.8,19.5,28.9,0,,247,15.5,,1013.4,
2023-07-13,20.7,14.7,26.9,0,,276,11.5,,1017.8,
2023-07-14,22.2,12.2,29.4,0,,157,7.6,,1016.1,
2023-07-15,26.2,18.7,35.7,14.3,,208,13.1,,1010.3,
2023-07-16,20.7,16.6,26.5,0,,259,14.6,,1016.6,
2023-07-17,21.5,14.2,27.8,0,,245,12.8,,1020,
2023-07-18,21.5,12.5,29.2,0.2,,16,6.5,,1019.4,
2023-07-19,22.9,15.9,29.8,0.7,,248,14.7,,1013.8,
2023-07-20,20.7,14.5,27.1,0,,286,12.3,,1014.6,
2023-07-21,17.5,13.4,25.4,3.7,,247,11,,1011.8,
2023-07-22,19.3,11.7,26.5,0,,241,11.8,,1015.6,
2023-07-23,22.1,16.4,27.3,3.2,,213,16.1,,1012.9,
2023-07-24,18.4,15.1,23.8,11.5,,200,12.2,,1007.7,
2023-07-25,16.2,13.2,22.2,13.4,,248,12.6,,1006.4,
2023-07-26,14.5,12,19,5.4,,262,14.1,,1014.5,
2023-07-27,17.2,13.7,20,4.1,,192,13,,1012.6,
2023-07-28,18.5,16.2,23.2,9.5,,234,14,,1010.9,
2023-07-29,20.8,16.8,26.1,10.9,,224,15.5,,1011.2,
2023-07-30,19.1,16.6,23,3.5,,251,16.7,,1014.5,
2023-07-31,19,15.9,23.4,5.2,,227,16.4,,1013.9,
2023-08-01,18.4,15.7,23.1,10,,240,21.9,,1005.1,
2023-08-02,18.3,15.2,24.4,11.3,,202,17.3,,1002.8,
2023-08-03,19,14.3,22.4,0.1,,238,23.3,,1005.5,
2023-08-04,17.1,14.4,22.6,3.6,,262,9.1,,1012.7,
2023-08-05,17.7,13.8,24,7.4,,276,8.3,,1013.9,
2023-08-06,14.1,11.9,15.6,6.6,,233,22.3,,1009.3,
2023-08-07,14.2,11.8,19,2.2,,266,22.8,,1017,
2023-08-08,17.4,12.5,22.3,1.9,,240,15.9,,1017.5,
2023-08-09,16.8,11.4,21,1.4,,237,12.9,,1017.4,
2023-08-10,17.4,9.3,26.1,0,,120,5.7,,1021.3,
2023-08-11,21.1,10.8,30.6,0,,158,5.5,,1021.6,
2023-08-12,21.5,16.8,29.7,15.2,,217,9.1,,1018.7,
2023-08-13,21.6,17.9,27.2,0,,204,7.1,,1018.7,
2023-08-14,24.4,19.1,30.6,0,,155,6.9,,1015.8,
2023-08-15,23.6,17.9,29.3,0,,218,9.5,,1016.5,
2023-08-16,23,16.7,31.6,1.6,,70,7.1,,1018.2,
2023-08-17,22.6,17.5,28.7,0,,102,5.9,,1017.1,
2023-08-18,25,16.5,32.7,0,,118,8.1,,1015.8,
2023-08-19,25.1,17.7,33.8,0,,165,9.7,,1016.8,
2023-08-20,25.7,18.8,32.9,0,,14,6.3,,1020.9,
2023-08-21,25.8,19.1,33.5,0,,25,6.6,,1021.6,
2023-08-22,25.3,18.7,31.8,0,,262,8.4,,1019.7,
2023-08-23,23.3,16.9,30.5,0,,10,7.2,,1019.6,
2023-08-24,23.3,16,32.9,1.7,,122,10.4,,1015.3,
2023-08-25,22,19.3,26.7,14.5,,214,11.7,,1011.4,
2023-08-26,18.9,14.5,22.6,1.8,,239,9.7,,1012.9,
2023-08-27,16.6,14,21.5,19.3,,231,6.9,,1011.3,
2023-08-28,15,12.9,19,0.1,,346,9.2,,1011.3,
2023-08-29,14.7,12,18,3.2,,284,8,,1011.1,
2023-08-30,15.6,10.6,20.7,4.9,,227,10.5,,1009.9,
2023-08-31,15.4,12.5,19.6,6.2,,249,15.4,,1013.7,
2023-09-01,18.1,13.8,23.6,0.3,,225,13.1,,1015.8,
2023-09-02,20.2,14,27.8,0,,187,6.4,,1020.1,
2023-09-03,19.4,14.4,26.1,0,,41,6.5,,1025.6,
2023-09-04,20.7,12,27.7,0,,90,14.6,,1025.4,
2023-09-05,21,14.4,28.1,0,,99,16.6,,1021.4,
2023-09-06,19.9,10.5,29.3,0,,87,11.3,,1020.5,
2023-09-07,20.4,12.5,29.7,0,,90,11.9,,1019.7,
2023-09-08,21,12.4,29.6,0,,83,8.4,,1018.5,
2023-09-09,21.6,14.2,30.3,0,,96,6.6,,1017.7,
2023-09-10,21.8,14.4,30.6,0,,26,5.6,,1018,
2023-09-11,21.5,13.5,30.4,0,,107,6,,1015.1,
2023-09-12,22.8,14.2,31,0.1,,183,7.3,,1012.6,
2023-09-13,19.9,17.8,23.2,0,,274,10.9,,1016.4,
2023-09-14,17.1,11.4,23.3,0,,26,7.5,,1021.3,
2023-09-15,17.9,9.4,26.7,0,,84,10.6,,1017.9,
2023-09-16,21.1,12.6,29.2,0,,96,8.7,,1014.9,
2023-09-17,23.5,15.7,29.8,0.9,,157,8.5,,1014.6,
2023-09-18,19.7,16.3,23.6,4.3,,183,11.8,,1010.7,
2023-09-19,18.4,15.1,22.2,0,,243,16.9,,1014.8,
2023-09-20,19.3,14.9,26.2,0.2,,173,10.1,,1012.7,
2023-09-21,19.2,13.7,26.8,10.6,,177,9.5,,1003.4,
2023-09-22,15.2,12,19.7,2.9,,209,14.2,,1005.5,
2023-09-23,13.6,8.6,18.5,0,,248,12.3,,1016.9,
2023-09-24,12.6,5.9,20.6,0,,126,7.9,,1026,
2023-09-25,14.2,6.5,22.5,0,,100,10.7,,1024.2,
20230926,15.3,7.2,24.5,0,,104,6.2,,1021.9,
20230927,16.2,7.9,25.7,0,,127,7.4,,1020.2,
20230928,18.1,11.4,27.6,0,,180,7.4,,1018.6,
20230929,18.9,11.2,27.7,0,,210,14.4,,1019.9,
20230930,15.9,10.1,21.3,0,,312,9,,1026.5,
20231001,15,7.7,24.4,0,0,172,5.9,,1026,
20231002,16.8,8.4,27.1,0,0,145,7.1,,1022.2,
20231003,18.4,11.6,26.4,6.4,0,222,18.4,,1019,
20231004,12.6,7.3,18.5,0,0,247,10.1,,1029,
20231005,10.8,6.4,16.7,0,0,213,7.8,,1027.3,
20231006,12.1,4.3,19.6,0,0,202,7.4,,1027,
20231007,14.5,5.7,19.8,0,0,229,13.9,,1025.7,
20231008,17.4,12.3,23.3,0,0,241,11.3,,1025.7,
20231009,16.8,11,23.5,0,0,239,12.7,,1022.1,
20231010,15.6,9.2,23.4,0,0,219,8.2,,1022,
